=== 시트1: 값 변경됨 (기존 값 덮어씌워진 것, 즉시 확인 필요) ===
catalog_section,modelName,label,기존값(원본),현재값(확충후),올바른값(직접입력)
XPANEL 카탈로그,XT07CD-DN,화면 크기,7" (17.8 cm),7" Color TFT,
XPANEL 카탈로그,XT07CD-DN,해상도,800 × 480 (WVGA),800 × 480,
XPANEL 카탈로그,XT07CD-DN,색상,65,536색 (16 bit),65K Colors,
XPANEL 카탈로그,XT07CD-DN,소비전력,약 13 W,6W,
XPANEL 카탈로그,XT07CD-DN,입력 전원,DC 24V (±15%),DC 24V,
XPANEL 카탈로그,XT07CD-DE,화면 크기,7" (17.8 cm),7" Color TFT,
XPANEL 카탈로그,XT07CD-DE,해상도,800 × 480 (WVGA),800 × 480,
XPANEL 카탈로그,XT07CD-DE,색상,65,536색 (16 bit),65K Colors,
XPANEL 카탈로그,XT07CD-DE,소비전력,약 13 W,6W,
XPANEL 카탈로그,XT07CD-DE,입력 전원,AC 100-240V,DC 24V,
XPANEL 카탈로그,XT10CD-D,화면 크기,10.4" (26.4 cm),10.4" Color TFT,
XPANEL 카탈로그,XT10CD-D,해상도,800 × 600 (SVGA),800 × 600,
XPANEL 카탈로그,XT10CD-D,색상,262,144색 (18 bit),262K Colors,
XPANEL 카탈로그,XT10CD-D,소비전력,약 15 W,9W,
XPANEL 카탈로그,XT10CD-D,입력 전원,DC 24V (±15%),DC 24V,
XPANEL 카탈로그,XT10CD-A,화면 크기,10.4" (26.4 cm),10.4" Color TFT,
XPANEL 카탈로그,XT10CD-A,해상도,800 × 600 (SVGA),800 × 600,
XPANEL 카탈로그,XT10CD-A,색상,262,144색 (18 bit),262K Colors,
XPANEL 카탈로그,XT10CD-A,오디오,오디오 포트 내장,없음,
XPANEL 카탈로그,XT10CD-A,입력 전원,DC 24V (±15%),AC 100~240V,
XPANEL 카탈로그,iXT10CD-A,입력 전원,DC 24V (±15%),AC 100~240V,
XPANEL 카탈로그,iXT12CD-A,입력 전원,DC 24V (±15%),AC 100~240V,
XPANEL 카탈로그,iXT15CD-A,입력 전원,DC 24V (±15%),AC 100~240V,

=== 시트2: 신규 추가된 catalog 항목 (확충시 추가, 검증 필요) ===
catalog_section,modelName,label,현재값,올바른값(직접입력_맞으면그대로_틀리면수정_없는항목이면DELETE)
CM1 PLC 카탈로그,CM1-UP1F,연산 방식,반복 연산,
CM1 PLC 카탈로그,CM1-UP1F,프로그램 언어,LD, IL, SFC, ST, FBD (IEC 61131-3),
CM1 PLC 카탈로그,CM1-UP1F,타이머 (T),4,096개 (10ms / 100ms 선택),
CM1 PLC 카탈로그,CM1-UP1F,카운터 (C),4,096개,
CM1 PLC 카탈로그,CM1-UP1F,내장 시리얼,RS-232C 1ch (프로그래밍용),
CM1 PLC 카탈로그,CM1-UP1F,베이스 증설,로컬 베이스 + 최대 31 증설 베이스 (Line 증설),
CM1 PLC 카탈로그,CM1-UP1F,동작 온도,-10~65°C,
CM1 PLC 카탈로그,CM1-UP1F,보존 온도,-25~80°C,
CM1 PLC 카탈로그,CM1-UP1F,상대 습도,5~95%RH (비결로),
CM1 PLC 카탈로그,CM1-UP1F,보호 등급,IP20,
CM1 PLC 카탈로그,CM1-UP2F,연산 방식,반복 연산,
CM1 PLC 카탈로그,CM1-UP2F,프로그램 언어,LD, IL, SFC, ST, FBD (IEC 61131-3),
CM1 PLC 카탈로그,CM1-UP2F,타이머 (T),4,096개 (10ms / 100ms 선택),
CM1 PLC 카탈로그,CM1-UP2F,카운터 (C),4,096개,
CM1 PLC 카탈로그,CM1-UP2F,내장 시리얼,RS-232C 1ch (프로그래밍용),
CM1 PLC 카탈로그,CM1-UP2F,베이스 증설,로컬 베이스 + 최대 31 증설 베이스 (Line 증설),
CM1 PLC 카탈로그,CM1-UP2F,동작 온도,-10~65°C,
CM1 PLC 카탈로그,CM1-UP2F,보존 온도,-25~80°C,
CM1 PLC 카탈로그,CM1-UP2F,상대 습도,5~95%RH (비결로),
CM1 PLC 카탈로그,CM1-UP2F,보호 등급,IP20,
CM1 PLC 카탈로그,CM1-UP3F,연산 방식,반복 연산,
CM1 PLC 카탈로그,CM1-UP3F,프로그램 언어,LD, IL, SFC, ST, FBD (IEC 61131-3),
CM1 PLC 카탈로그,CM1-UP3F,타이머 (T),4,096개 (10ms / 100ms 선택),
CM1 PLC 카탈로그,CM1-UP3F,카운터 (C),4,096개,
CM1 PLC 카탈로그,CM1-UP3F,내장 시리얼,RS-232C 1ch (프로그래밍용),
CM1 PLC 카탈로그,CM1-UP3F,베이스 증설,로컬 베이스 + 최대 31 증설 베이스 (Line 증설),
CM1 PLC 카탈로그,CM1-UP3F,동작 온도,-10~65°C,
CM1 PLC 카탈로그,CM1-UP3F,보존 온도,-25~80°C,
CM1 PLC 카탈로그,CM1-UP3F,상대 습도,5~95%RH (비결로),
CM1 PLC 카탈로그,CM1-UP3F,보호 등급,IP20,
CM1 PLC 카탈로그,CM1-XP1F,연산 방식,반복 연산,
CM1 PLC 카탈로그,CM1-XP1F,프로그램 언어,LD, IL, SFC, FBD (IEC 61131-3),
CM1 PLC 카탈로그,CM1-XP1F,내장 시리얼,RS-232C 1ch (프로그래밍용),
CM1 PLC 카탈로그,CM1-XP1F,동작 온도,-10~65°C,
CM1 PLC 카탈로그,CM1-XP1F,보존 온도,-25~80°C,
CM1 PLC 카탈로그,CM1-XP1F,상대 습도,5~95%RH (비결로),
CM1 PLC 카탈로그,CM1-XP1F,보호 등급,IP20,
CM1 PLC 카탈로그,CM1-XP2F,연산 방식,반복 연산,
CM1 PLC 카탈로그,CM1-XP2F,프로그램 언어,LD, IL, SFC, FBD (IEC 61131-3),
CM1 PLC 카탈로그,CM1-XP2F,내장 시리얼,RS-232C 1ch (프로그래밍용),
CM1 PLC 카탈로그,CM1-XP2F,동작 온도,-10~65°C,
CM1 PLC 카탈로그,CM1-XP2F,보존 온도,-25~80°C,
CM1 PLC 카탈로그,CM1-XP2F,상대 습도,5~95%RH (비결로),
CM1 PLC 카탈로그,CM1-XP2F,보호 등급,IP20,
CM1 PLC 카탈로그,CM1-XP3F,연산 방식,반복 연산,
CM1 PLC 카탈로그,CM1-XP3F,프로그램 언어,LD, IL, SFC, FBD (IEC 61131-3),
CM1 PLC 카탈로그,CM1-XP3F,내장 시리얼,RS-232C 1ch (프로그래밍용),
CM1 PLC 카탈로그,CM1-XP3F,동작 온도,-10~65°C,
CM1 PLC 카탈로그,CM1-XP3F,보존 온도,-25~80°C,
CM1 PLC 카탈로그,CM1-XP3F,상대 습도,5~95%RH (비결로),
CM1 PLC 카탈로그,CM1-XP3F,보호 등급,IP20,
CM1 PLC 카탈로그,CM1-XP1E,연산 방식,반복 연산,
CM1 PLC 카탈로그,CM1-XP1E,프로그램 언어,LD, IL, SFC, FBD (IEC 61131-3),
CM1 PLC 카탈로그,CM1-XP1E,내장 시리얼,RS-232C 1ch (프로그래밍용),
CM1 PLC 카탈로그,CM1-XP1E,동작 온도,-10~65°C,
CM1 PLC 카탈로그,CM1-XP1E,보존 온도,-25~80°C,
CM1 PLC 카탈로그,CM1-XP1E,상대 습도,5~95%RH (비결로),
CM1 PLC 카탈로그,CM1-XP1E,보호 등급,IP20,
CM1 PLC 카탈로그,CM1-XP2E,연산 방식,반복 연산,
CM1 PLC 카탈로그,CM1-XP2E,프로그램 언어,LD, IL, SFC, FBD (IEC 61131-3),
CM1 PLC 카탈로그,CM1-XP2E,내장 시리얼,RS-232C 1ch (프로그래밍용),
CM1 PLC 카탈로그,CM1-XP2E,동작 온도,-10~65°C,
CM1 PLC 카탈로그,CM1-XP2E,보존 온도,-25~80°C,
CM1 PLC 카탈로그,CM1-XP2E,상대 습도,5~95%RH (비결로),
CM1 PLC 카탈로그,CM1-XP2E,보호 등급,IP20,
CM1 PLC 카탈로그,CM1-XP3E,연산 방식,반복 연산,
CM1 PLC 카탈로그,CM1-XP3E,프로그램 언어,LD, IL, SFC, FBD (IEC 61131-3),
CM1 PLC 카탈로그,CM1-XP3E,내장 시리얼,RS-232C 1ch (프로그래밍용),
CM1 PLC 카탈로그,CM1-XP3E,동작 온도,-10~65°C,
CM1 PLC 카탈로그,CM1-XP3E,보존 온도,-25~80°C,
CM1 PLC 카탈로그,CM1-XP3E,상대 습도,5~95%RH (비결로),
CM1 PLC 카탈로그,CM1-XP3E,보호 등급,IP20,
CM1 PLC 카탈로그,CM1-XP1S,연산 방식,반복 연산,
CM1 PLC 카탈로그,CM1-XP1S,프로그램 언어,LD, IL, SFC, FBD (IEC 61131-3),
CM1 PLC 카탈로그,CM1-XP1S,내장 시리얼,RS-232C 1ch (프로그래밍용),
CM1 PLC 카탈로그,CM1-XP1S,동작 온도,-10~65°C,
CM1 PLC 카탈로그,CM1-XP1S,보존 온도,-25~80°C,
CM1 PLC 카탈로그,CM1-XP1S,상대 습도,5~95%RH (비결로),
CM1 PLC 카탈로그,CM1-XP1S,보호 등급,IP20,
CM1 PLC 카탈로그,CM1-XP1R,연산 방식,반복 연산,
CM1 PLC 카탈로그,CM1-XP1R,프로그램 언어,LD, IL, SFC, FBD (IEC 61131-3),
CM1 PLC 카탈로그,CM1-XP1R,내장 시리얼,RS-232C 1ch (프로그래밍용),
CM1 PLC 카탈로그,CM1-XP1R,동작 온도,-10~65°C,
CM1 PLC 카탈로그,CM1-XP1R,보존 온도,-25~80°C,
CM1 PLC 카탈로그,CM1-XP1R,상대 습도,5~95%RH (비결로),
CM1 PLC 카탈로그,CM1-XP1R,보호 등급,IP20,
CM1 PLC 카탈로그,CM1-CP3E,연산 방식,반복 연산,
CM1 PLC 카탈로그,CM1-CP3E,프로그램 언어,LD, IL, SFC, FBD (IEC 61131-3),
CM1 PLC 카탈로그,CM1-CP3E,동작 온도,-10~65°C,
CM1 PLC 카탈로그,CM1-CP3E,보존 온도,-25~80°C,
CM1 PLC 카탈로그,CM1-CP3E,상대 습도,5~95%RH (비결로),
CM1 PLC 카탈로그,CM1-CP3E,보호 등급,IP20,
CM1 PLC 카탈로그,CM1-CP4E,연산 방식,반복 연산,
CM1 PLC 카탈로그,CM1-CP4E,프로그램 언어,LD, IL, SFC, FBD (IEC 61131-3),
CM1 PLC 카탈로그,CM1-CP4E,동작 온도,-10~65°C,
CM1 PLC 카탈로그,CM1-CP4E,보존 온도,-25~80°C,
CM1 PLC 카탈로그,CM1-CP4E,상대 습도,5~95%RH (비결로),
CM1 PLC 카탈로그,CM1-CP4E,보호 등급,IP20,
CM1 PLC 카탈로그,CM1-CP4F,연산 방식,반복 연산,
CM1 PLC 카탈로그,CM1-CP4F,프로그램 언어,LD, IL, SFC, FBD (IEC 61131-3),
CM1 PLC 카탈로그,CM1-CP4F,동작 온도,-10~65°C,
CM1 PLC 카탈로그,CM1-CP4F,보존 온도,-25~80°C,
CM1 PLC 카탈로그,CM1-CP4F,상대 습도,5~95%RH (비결로),
CM1 PLC 카탈로그,CM1-CP4F,보호 등급,IP20,
CM3 PLC 카탈로그,CM3-SP32MDTF,프로그램 용량,32K Step,
CM3 PLC 카탈로그,CM3-SP32MDTF,타이머/카운터,각 512점,
CM3 PLC 카탈로그,CM3-SP32MDTF,전원 전압,DC 12V ~ 24V,
CM3 PLC 카탈로그,CM3-SP32MDTF,동작 온도,-10~65°C,
CM3 PLC 카탈로그,CM3-SP32MDTF,보존 온도,-25~80°C,
CM3 PLC 카탈로그,CM3-SP32MDTF,상대 습도,5~95%RH (비결로),
CM3 PLC 카탈로그,CM3-SP32MDTF,보호 등급,IP20,
CM3 PLC 카탈로그,CM3-SP32MDTF,프로그램 언어,LD, IL, SFC, FBD (IEC 61131-3),
CM3 PLC 카탈로그,CM3-SP32MDCF,프로그램 용량,32K Step,
CM3 PLC 카탈로그,CM3-SP32MDCF,타이머/카운터,각 512점,
CM3 PLC 카탈로그,CM3-SP32MDCF,전원 전압,DC 12V ~ 24V,
CM3 PLC 카탈로그,CM3-SP32MDCF,동작 온도,-10~65°C,
CM3 PLC 카탈로그,CM3-SP32MDCF,보존 온도,-25~80°C,
CM3 PLC 카탈로그,CM3-SP32MDCF,상대 습도,5~95%RH (비결로),
CM3 PLC 카탈로그,CM3-SP32MDCF,보호 등급,IP20,
CM3 PLC 카탈로그,CM3-SP32MDCF,프로그램 언어,LD, IL, SFC, FBD (IEC 61131-3),
CM3 PLC 카탈로그,CM3-SP16MDRF,프로그램 용량,32K Step,
CM3 PLC 카탈로그,CM3-SP16MDRF,타이머/카운터,각 512점,
CM3 PLC 카탈로그,CM3-SP16MDRF,전원 전압,DC 12V ~ 24V,
CM3 PLC 카탈로그,CM3-SP16MDRF,동작 온도,-10~65°C,
CM3 PLC 카탈로그,CM3-SP16MDRF,보존 온도,-25~80°C,
CM3 PLC 카탈로그,CM3-SP16MDRF,상대 습도,5~95%RH (비결로),
CM3 PLC 카탈로그,CM3-SP16MDRF,보호 등급,IP20,
CM3 PLC 카탈로그,CM3-SP16MDRF,프로그램 언어,LD, IL, SFC, FBD (IEC 61131-3),
CM3 PLC 카탈로그,CM3-SP32MDTV,프로그램 용량,32K Step,
CM3 PLC 카탈로그,CM3-SP32MDTV,타이머/카운터,각 512점,
CM3 PLC 카탈로그,CM3-SP32MDTV,전원 전압,DC 12V ~ 24V,
CM3 PLC 카탈로그,CM3-SP32MDTV,동작 온도,-10~65°C,
CM3 PLC 카탈로그,CM3-SP32MDTV,보존 온도,-25~80°C,
CM3 PLC 카탈로그,CM3-SP32MDTV,상대 습도,5~95%RH (비결로),
CM3 PLC 카탈로그,CM3-SP32MDTV,보호 등급,IP20,
CM3 PLC 카탈로그,CM3-SP32MDTV,프로그램 언어,LD, IL, SFC, FBD (IEC 61131-3),
CM3 PLC 카탈로그,CM3-SP32MDCV,프로그램 용량,32K Step,
CM3 PLC 카탈로그,CM3-SP32MDCV,타이머/카운터,각 512점,
CM3 PLC 카탈로그,CM3-SP32MDCV,전원 전압,DC 12V ~ 24V,
CM3 PLC 카탈로그,CM3-SP32MDCV,동작 온도,-10~65°C,
CM3 PLC 카탈로그,CM3-SP32MDCV,보존 온도,-25~80°C,
CM3 PLC 카탈로그,CM3-SP32MDCV,상대 습도,5~95%RH (비결로),
CM3 PLC 카탈로그,CM3-SP32MDCV,보호 등급,IP20,
CM3 PLC 카탈로그,CM3-SP32MDCV,프로그램 언어,LD, IL, SFC, FBD (IEC 61131-3),
CM3 PLC 카탈로그,CM3-SP16MDRV,프로그램 용량,32K Step,
CM3 PLC 카탈로그,CM3-SP16MDRV,타이머/카운터,각 512점,
CM3 PLC 카탈로그,CM3-SP16MDRV,전원 전압,DC 12V ~ 24V,
CM3 PLC 카탈로그,CM3-SP16MDRV,동작 온도,-10~65°C,
CM3 PLC 카탈로그,CM3-SP16MDRV,보존 온도,-25~80°C,
CM3 PLC 카탈로그,CM3-SP16MDRV,상대 습도,5~95%RH (비결로),
CM3 PLC 카탈로그,CM3-SP16MDRV,보호 등급,IP20,
CM3 PLC 카탈로그,CM3-SP16MDRV,프로그램 언어,LD, IL, SFC, FBD (IEC 61131-3),
CM3 PLC 카탈로그,CM3-SB32MDTF,프로그램 용량,32K Step,
CM3 PLC 카탈로그,CM3-SB32MDTF,타이머/카운터,각 512점,
CM3 PLC 카탈로그,CM3-SB32MDTF,전원 전압,DC 20V ~ 24V,
CM3 PLC 카탈로그,CM3-SB32MDTF,동작 온도,-10~65°C,
CM3 PLC 카탈로그,CM3-SB32MDTF,보존 온도,-25~80°C,
CM3 PLC 카탈로그,CM3-SB32MDTF,보호 등급,IP20,
CM3 PLC 카탈로그,CM3-SB32MDTF,프로그램 언어,LD, IL, SFC, FBD (IEC 61131-3),
CM3 PLC 카탈로그,CM3-SB32MDCF,프로그램 용량,32K Step,
CM3 PLC 카탈로그,CM3-SB32MDCF,타이머/카운터,각 512점,
CM3 PLC 카탈로그,CM3-SB32MDCF,전원 전압,DC 20V ~ 24V,
CM3 PLC 카탈로그,CM3-SB32MDCF,동작 온도,-10~65°C,
CM3 PLC 카탈로그,CM3-SB32MDCF,보존 온도,-25~80°C,
CM3 PLC 카탈로그,CM3-SB32MDCF,보호 등급,IP20,
CM3 PLC 카탈로그,CM3-SB32MDCF,프로그램 언어,LD, IL, SFC, FBD (IEC 61131-3),
CM3 PLC 카탈로그,CM3-SB32MDRF,프로그램 용량,32K Step,
CM3 PLC 카탈로그,CM3-SB32MDRF,타이머/카운터,각 512점,
CM3 PLC 카탈로그,CM3-SB32MDRF,전원 전압,DC 20V ~ 24V,
CM3 PLC 카탈로그,CM3-SB32MDRF,동작 온도,-10~65°C,
CM3 PLC 카탈로그,CM3-SB32MDRF,보존 온도,-25~80°C,
CM3 PLC 카탈로그,CM3-SB32MDRF,보호 등급,IP20,
CM3 PLC 카탈로그,CM3-SB32MDRF,프로그램 언어,LD, IL, SFC, FBD (IEC 61131-3),
CM3 PLC 카탈로그,CM3-SB16MDTF,프로그램 용량,32K Step,
CM3 PLC 카탈로그,CM3-SB16MDTF,타이머/카운터,각 512점,
CM3 PLC 카탈로그,CM3-SB16MDTF,전원 전압,DC 12V ~ 24V,
CM3 PLC 카탈로그,CM3-SB16MDTF,동작 온도,-10~65°C,
CM3 PLC 카탈로그,CM3-SB16MDTF,보존 온도,-25~80°C,
CM3 PLC 카탈로그,CM3-SB16MDTF,보호 등급,IP20,
CM3 PLC 카탈로그,CM3-SB16MDTF,프로그램 언어,LD, IL, SFC, FBD (IEC 61131-3),
CM3 PLC 카탈로그,CM3-SB16MDCF,프로그램 용량,32K Step,
CM3 PLC 카탈로그,CM3-SB16MDCF,타이머/카운터,각 512점,
CM3 PLC 카탈로그,CM3-SB16MDCF,전원 전압,DC 12V ~ 24V,
CM3 PLC 카탈로그,CM3-SB16MDCF,동작 온도,-10~65°C,
CM3 PLC 카탈로그,CM3-SB16MDCF,보존 온도,-25~80°C,
CM3 PLC 카탈로그,CM3-SB16MDCF,보호 등급,IP20,
CM3 PLC 카탈로그,CM3-SB16MDCF,프로그램 언어,LD, IL, SFC, FBD (IEC 61131-3),
CM3 PLC 카탈로그,CM3-SP32PDTF,프로그램 용량,32K Step,
CM3 PLC 카탈로그,CM3-SP32PDTF,타이머/카운터,각 512점,
CM3 PLC 카탈로그,CM3-SP32PDTF,전원 전압,DC 12V ~ 24V,
CM3 PLC 카탈로그,CM3-SP32PDTF,동작 온도,-20~70°C,
CM3 PLC 카탈로그,CM3-SP32PDTF,보존 온도,-25~80°C,
CM3 PLC 카탈로그,CM3-SP32PDTF,보호 등급,IP20,
CM3 PLC 카탈로그,CM3-SP32PDTF,프로그램 언어,LD, IL, SFC, ST, FBD (IEC 61131-3),
CM3 PLC 카탈로그,CM3-SP32PDTF,RS485,1ch,
CM3 PLC 카탈로그,CM3-SP32PDTF,SD Card,지원,
CM3 PLC 카탈로그,CM3-SP32PDCF,프로그램 용량,32K Step,
CM3 PLC 카탈로그,CM3-SP32PDCF,타이머/카운터,각 512점,
CM3 PLC 카탈로그,CM3-SP32PDCF,전원 전압,DC 12V ~ 24V,
CM3 PLC 카탈로그,CM3-SP32PDCF,동작 온도,-20~70°C,
CM3 PLC 카탈로그,CM3-SP32PDCF,보존 온도,-25~80°C,
CM3 PLC 카탈로그,CM3-SP32PDCF,보호 등급,IP20,
CM3 PLC 카탈로그,CM3-SP32PDCF,프로그램 언어,LD, IL, SFC, ST, FBD (IEC 61131-3),
CM3 PLC 카탈로그,CM3-SP32PDCF,RS485,1ch,
CM3 PLC 카탈로그,CM3-SP32PDCF,SD Card,지원,
CM3 PLC 카탈로그,CM3-SP16PDRF,프로그램 용량,32K Step,
CM3 PLC 카탈로그,CM3-SP16PDRF,타이머/카운터,각 512점,
CM3 PLC 카탈로그,CM3-SP16PDRF,전원 전압,DC 12V ~ 24V,
CM3 PLC 카탈로그,CM3-SP16PDRF,동작 온도,-20~70°C,
CM3 PLC 카탈로그,CM3-SP16PDRF,보존 온도,-25~80°C,
CM3 PLC 카탈로그,CM3-SP16PDRF,보호 등급,IP20,
CM3 PLC 카탈로그,CM3-SP16PDRF,프로그램 언어,LD, IL, SFC, ST, FBD (IEC 61131-3),
CM3 PLC 카탈로그,CM3-SP16PDRF,RS485,1ch,
CM3 PLC 카탈로그,CM3-SP16PDRF,SD Card,지원,
CM1 PLC 카탈로그,CM1-SPC,동작 온도,-10~65°C,
CM1 PLC 카탈로그,CM1-SP2B,동작 온도,-10~65°C,
CM1 PLC 카탈로그,CM1-SPW,동작 온도,-10~65°C,
CM1 PLC 카탈로그,CM1-BS03A,동작 온도,-10~65°C,
CM1 PLC 카탈로그,CM1-BS04A,동작 온도,-10~65°C,
CM1 PLC 카탈로그,CM1-BS05A,동작 온도,-10~65°C,
CM1 PLC 카탈로그,CM1-BS08A,동작 온도,-10~65°C,
CM1 PLC 카탈로그,CM1-BS10A,동작 온도,-10~65°C,
CM1 PLC 카탈로그,CM1-BS12A,동작 온도,-10~65°C,
CM1 PLC 카탈로그,CM1-AD08V,최대 분해능,14bit (16384 분할),
CM1 PLC 카탈로그,CM1-AD08V,동작 온도,-10~65°C,
CM1 PLC 카탈로그,CM1-AD08I,최대 분해능,14bit (16384 분할),
CM1 PLC 카탈로그,CM1-AD08I,동작 온도,-10~65°C,
CM1 PLC 카탈로그,CM1-AD08VI,최대 분해능,14bit (16384 분할),
CM1 PLC 카탈로그,CM1-AD08VI,동작 온도,-10~65°C,
CM1 PLC 카탈로그,CM1-AD16VI,최대 분해능,14bit (16384 분할),
CM1 PLC 카탈로그,CM1-AD16VI,동작 온도,-10~65°C,
CM1 PLC 카탈로그,CM1-AD04VI,최대 분해능,14bit (16384 분할),
CM1 PLC 카탈로그,CM1-AD04VI,동작 온도,-10~65°C,
CM1 PLC 카탈로그,CM1-AD04W,최대 분해능,16bit (65536 분할),
CM1 PLC 카탈로그,CM1-AD04W,동작 온도,-10~65°C,
CM1 PLC 카탈로그,CM1-DA04V,동작 온도,-10~65°C,
CM1 PLC 카탈로그,CM1-DA04VA,동작 온도,-10~65°C,
CM1 PLC 카탈로그,CM1-DA08V,동작 온도,-10~65°C,
CM1 PLC 카탈로그,CM1-DA08VA,동작 온도,-10~65°C,
CM1 PLC 카탈로그,CM1-DA04I,동작 온도,-10~65°C,
CM1 PLC 카탈로그,CM1-DA08I,동작 온도,-10~65°C,
CM1 PLC 카탈로그,CM1-RD04A,동작 온도,-10~65°C,
CM1 PLC 카탈로그,CM1-RD04B,동작 온도,-10~65°C,
CM1 PLC 카탈로그,CM1-TC04A,동작 온도,-10~65°C,
CM1 PLC 카탈로그,CM1-TH08A,동작 온도,-10~65°C,
CM1 PLC 카탈로그,CM1-SC02A,통신 속도,최대 115.2kbps,
CM1 PLC 카탈로그,CM1-SC02A,프로토콜,CIMON, Modbus RTU/ASCII, 사용자 정의,
CM1 PLC 카탈로그,CM1-SC02A,동작 온도,-10~65°C,
CM1 PLC 카탈로그,CM1-SC01A,통신 속도,최대 115.2kbps,
CM1 PLC 카탈로그,CM1-SC01A,프로토콜,CIMON, Modbus RTU/ASCII, 사용자 정의,
CM1 PLC 카탈로그,CM1-SC01A,동작 온도,-10~65°C,
CM1 PLC 카탈로그,CM1-SC01B,통신 속도,최대 115.2kbps,
CM1 PLC 카탈로그,CM1-SC01B,프로토콜,CIMON, Modbus RTU/ASCII, 사용자 정의,
CM1 PLC 카탈로그,CM1-SC01B,동작 온도,-10~65°C,
CM1 PLC 카탈로그,CM1-SC02C,통신 속도,최대 115.2kbps,
CM1 PLC 카탈로그,CM1-SC02C,프로토콜,CIMON, Modbus RTU/ASCII, 사용자 정의,
CM1 PLC 카탈로그,CM1-SC02C,동작 온도,-10~65°C,
CM1 PLC 카탈로그,CM1-EC10A,프로토콜,CIMON, Modbus TCP, OPC DA,
CM1 PLC 카탈로그,CM1-EC10A,동작 온도,-10~65°C,
CM1 PLC 카탈로그,CM1-EC10B,프로토콜,CIMON, Modbus TCP, OPC DA,
CM1 PLC 카탈로그,CM1-EC10B,동작 온도,-10~65°C,
CM1 PLC 카탈로그,CM1-EC10C,프로토콜,CIMON, Modbus TCP, OPC DA,
CM1 PLC 카탈로그,CM1-EC10C,동작 온도,-10~65°C,
CM1 PLC 카탈로그,CM1-EC10OPC,동작 온도,-10~65°C,
CM1 PLC 카탈로그,CM0-DM,용도,베이스 빈 슬롯 마감용 더미 모듈,
CM1 PLC 카탈로그,CM0-DM,호환,CM1 시리즈 베이스 전체,
CM3 PLC 카탈로그,CM3-SP01EET,프로토콜,CIMON, Modbus TCP,
CM3 PLC 카탈로그,CM3-SP02ERS,통신 속도,최대 115.2kbps,
CM3 PLC 카탈로그,CM3-SP02ERS,프로토콜,CIMON, Modbus RTU/ASCII, 사용자 정의,
CM3 PLC 카탈로그,CM3-SP02ERR,통신 속도,최대 115.2kbps,
CM3 PLC 카탈로그,CM3-SP02ERR,프로토콜,CIMON, Modbus RTU/ASCII, 사용자 정의,
CM3 PLC 카탈로그,CM0-TB32M (CM3용),형태,멀티 단자 블록 (Multi-Terminal Block),
CM3 PLC 카탈로그,CM0-TB32M (CM3용),호환,CM3 시리즈 I/O 확장 모듈,
IPC 카탈로그,iNT(iNP)510-A/D,방수,IP65 (전면 패널),
IPC 카탈로그,iNT(iNP)512-A/D,방수,IP65 (전면 패널),
IPC 카탈로그,iNT(iNP)512-A/D,OS,Windows 10/11 IoT Enterprise,
IPC 카탈로그,iNT(iNP)515-A/D,방수,IP65 (전면 패널),
IPC 카탈로그,iNT(iNP)515-A/D,OS,Windows 10/11 IoT Enterprise,
IPC 카탈로그,iNT(iNP)519-A/D,방수,IP65 (전면 패널),
IPC 카탈로그,iNT(iNP)519-A/D,OS,Windows 10/11 IoT Enterprise,
IPC 카탈로그,NT(NP)3612-A/D,방수,IP65 (전면 패널),
IPC 카탈로그,NT(NP)3612-A/D,OS,Windows 10/11 IoT Enterprise,
IPC 카탈로그,NT(NP)3615-A/D,방수,IP65 (전면 패널),
IPC 카탈로그,NT(NP)3615-A/D,OS,Windows 10/11 IoT Enterprise,
IPC 카탈로그,NT(NP)5615-A/D,방수,IP65 (전면 패널),
IPC 카탈로그,NT(NP)5615-A/D,OS,Windows 10/11 IoT Enterprise,
IPC 카탈로그,iNT(NP)5619-A/D,방수,IP65 (전면 패널),
IPC 카탈로그,iNT(NP)5619-A/D,OS,Windows 10/11 IoT Enterprise,
IPC 카탈로그,iNT(iNP)51121W-A/D,OS,Windows 10/11 IoT Enterprise,
IPC 카탈로그,iNT(iNP)71115W-A/D,OS,Windows 10/11 IoT Enterprise,
IPC 카탈로그,iNT(iNP)71121W-A/D,방수,IP65 (전면 패널),
IPC 카탈로그,iNT(iNP)71121W-A/D,OS,Windows 10/11 IoT Enterprise,
IPC 카탈로그,CM-IM15W-C(H)-D,영상 입력,HDMI × 1, DP × 1, DVI × 1, VGA × 1,
IPC 카탈로그,CM-IM21W-C(H)-D,영상 입력,HDMI × 1, DP × 1, DVI × 1, VGA × 1,
IPC 카탈로그,NU4R56-A,스토리지,SSD 250GB + HDD Bay (Hot Swap),
IPC 카탈로그,NU4R76-A,스토리지,SSD 250GB + HDD Bay (Hot Swap),
SCADA 카탈로그,CM01-0075/DS,지원 OS,Windows 10/11 (64bit),
SCADA 카탈로그,CM01-0075/DS,지원 드라이버,600종 이상 (PLC, Inverter, 계측기 등),
SCADA 카탈로그,CM01-0075/DS,트렌드,실시간 / 히스토리 트렌드,
SCADA 카탈로그,CM01-0075/DS,알람,알람 목록 / 알람 히스토리,
SCADA 카탈로그,CM01-0075/DS,레포트,일보 / 주보 / 월보,
SCADA 카탈로그,CM01-0075/DS,통신 프로토콜,OPC DA/UA, Modbus, CIMON, PROFIBUS 등,
SCADA 카탈로그,CM01-0075/DS,데이터베이스,MS SQL, MySQL, Oracle 연동,
SCADA 카탈로그,CM01-0075/DS,스크립트,VBScript 기반,
SCADA 카탈로그,CM01-0075/RS,지원 OS,Windows 10/11 (64bit),
SCADA 카탈로그,CM01-0075/RS,지원 드라이버,600종 이상 (PLC, Inverter, 계측기 등),
SCADA 카탈로그,CM01-0075/RS,트렌드,실시간 / 히스토리 트렌드,
SCADA 카탈로그,CM01-0075/RS,알람,알람 목록 / 알람 히스토리,
SCADA 카탈로그,CM01-0075/RS,레포트,일보 / 주보 / 월보,
SCADA 카탈로그,CM01-0075/RS,통신 프로토콜,OPC DA/UA, Modbus, CIMON, PROFIBUS 등,
SCADA 카탈로그,CM01-0075/RS,데이터베이스,MS SQL, MySQL, Oracle 연동,
SCADA 카탈로그,CM01-0075/RS,스크립트,VBScript 기반,
SCADA 카탈로그,CM01-0150/DS,지원 OS,Windows 10/11 (64bit),
SCADA 카탈로그,CM01-0150/DS,지원 드라이버,600종 이상 (PLC, Inverter, 계측기 등),
SCADA 카탈로그,CM01-0150/DS,트렌드,실시간 / 히스토리 트렌드,
SCADA 카탈로그,CM01-0150/DS,알람,알람 목록 / 알람 히스토리,
SCADA 카탈로그,CM01-0150/DS,레포트,일보 / 주보 / 월보,
SCADA 카탈로그,CM01-0150/DS,통신 프로토콜,OPC DA/UA, Modbus, CIMON, PROFIBUS 등,
SCADA 카탈로그,CM01-0150/DS,데이터베이스,MS SQL, MySQL, Oracle 연동,
SCADA 카탈로그,CM01-0150/DS,스크립트,VBScript 기반,
SCADA 카탈로그,CM01-0150/RS,지원 OS,Windows 10/11 (64bit),
SCADA 카탈로그,CM01-0150/RS,지원 드라이버,600종 이상 (PLC, Inverter, 계측기 등),
SCADA 카탈로그,CM01-0150/RS,트렌드,실시간 / 히스토리 트렌드,
SCADA 카탈로그,CM01-0150/RS,알람,알람 목록 / 알람 히스토리,
SCADA 카탈로그,CM01-0150/RS,레포트,일보 / 주보 / 월보,
SCADA 카탈로그,CM01-0150/RS,통신 프로토콜,OPC DA/UA, Modbus, CIMON, PROFIBUS 등,
SCADA 카탈로그,CM01-0150/RS,데이터베이스,MS SQL, MySQL, Oracle 연동,
SCADA 카탈로그,CM01-0150/RS,스크립트,VBScript 기반,
SCADA 카탈로그,CM01-0500/DS,지원 OS,Windows 10/11 (64bit),
SCADA 카탈로그,CM01-0500/DS,지원 드라이버,600종 이상 (PLC, Inverter, 계측기 등),
SCADA 카탈로그,CM01-0500/DS,트렌드,실시간 / 히스토리 트렌드,
SCADA 카탈로그,CM01-0500/DS,알람,알람 목록 / 알람 히스토리,
SCADA 카탈로그,CM01-0500/DS,레포트,일보 / 주보 / 월보,
SCADA 카탈로그,CM01-0500/DS,통신 프로토콜,OPC DA/UA, Modbus, CIMON, PROFIBUS 등,
SCADA 카탈로그,CM01-0500/DS,데이터베이스,MS SQL, MySQL, Oracle 연동,
SCADA 카탈로그,CM01-0500/DS,스크립트,VBScript 기반,
SCADA 카탈로그,CM01-0500/RS,지원 OS,Windows 10/11 (64bit),
SCADA 카탈로그,CM01-0500/RS,지원 드라이버,600종 이상 (PLC, Inverter, 계측기 등),
SCADA 카탈로그,CM01-0500/RS,트렌드,실시간 / 히스토리 트렌드,
SCADA 카탈로그,CM01-0500/RS,알람,알람 목록 / 알람 히스토리,
SCADA 카탈로그,CM01-0500/RS,레포트,일보 / 주보 / 월보,
SCADA 카탈로그,CM01-0500/RS,통신 프로토콜,OPC DA/UA, Modbus, CIMON, PROFIBUS 등,
SCADA 카탈로그,CM01-0500/RS,데이터베이스,MS SQL, MySQL, Oracle 연동,
SCADA 카탈로그,CM01-0500/RS,스크립트,VBScript 기반,
SCADA 카탈로그,CM01-FULL/DS,지원 OS,Windows 10/11 (64bit),
SCADA 카탈로그,CM01-FULL/DS,지원 드라이버,600종 이상 (PLC, Inverter, 계측기 등),
SCADA 카탈로그,CM01-FULL/DS,트렌드,실시간 / 히스토리 트렌드,
SCADA 카탈로그,CM01-FULL/DS,알람,알람 목록 / 알람 히스토리,
SCADA 카탈로그,CM01-FULL/DS,레포트,일보 / 주보 / 월보,
SCADA 카탈로그,CM01-FULL/DS,통신 프로토콜,OPC DA/UA, Modbus, CIMON, PROFIBUS 등,
SCADA 카탈로그,CM01-FULL/DS,데이터베이스,MS SQL, MySQL, Oracle 연동,
SCADA 카탈로그,CM01-FULL/DS,스크립트,VBScript 기반,
SCADA 카탈로그,CM01-FULL/RS,지원 OS,Windows 10/11 (64bit),
SCADA 카탈로그,CM01-FULL/RS,지원 드라이버,600종 이상 (PLC, Inverter, 계측기 등),
SCADA 카탈로그,CM01-FULL/RS,트렌드,실시간 / 히스토리 트렌드,
SCADA 카탈로그,CM01-FULL/RS,알람,알람 목록 / 알람 히스토리,
SCADA 카탈로그,CM01-FULL/RS,레포트,일보 / 주보 / 월보,
SCADA 카탈로그,CM01-FULL/RS,통신 프로토콜,OPC DA/UA, Modbus, CIMON, PROFIBUS 등,
SCADA 카탈로그,CM01-FULL/RS,데이터베이스,MS SQL, MySQL, Oracle 연동,
SCADA 카탈로그,CM01-FULL/RS,스크립트,VBScript 기반,
SCADA 카탈로그,CM01-0150-02/VS,지원 OS,Windows 10/11 (64bit),
SCADA 카탈로그,CM01-0150-02/VS,지원 드라이버,600종 이상 (PLC, Inverter, 계측기 등),
SCADA 카탈로그,CM01-0150-02/VS,트렌드,실시간 / 히스토리 트렌드,
SCADA 카탈로그,CM01-0150-02/VS,알람,알람 목록 / 알람 히스토리,
SCADA 카탈로그,CM01-0150-02/VS,레포트,일보 / 주보 / 월보,
SCADA 카탈로그,CM01-0150-02/VS,통신 프로토콜,OPC DA/UA, Modbus, CIMON, PROFIBUS 등,
SCADA 카탈로그,CM01-0150-02/VS,데이터베이스,MS SQL, MySQL, Oracle 연동,
SCADA 카탈로그,CM01-0150-02/VS,스크립트,VBScript 기반,
SCADA 카탈로그,CM01-0150-05/VS,지원 OS,Windows 10/11 (64bit),
SCADA 카탈로그,CM01-0150-05/VS,지원 드라이버,600종 이상 (PLC, Inverter, 계측기 등),
SCADA 카탈로그,CM01-0150-05/VS,트렌드,실시간 / 히스토리 트렌드,
SCADA 카탈로그,CM01-0150-05/VS,알람,알람 목록 / 알람 히스토리,
SCADA 카탈로그,CM01-0150-05/VS,레포트,일보 / 주보 / 월보,
SCADA 카탈로그,CM01-0150-05/VS,통신 프로토콜,OPC DA/UA, Modbus, CIMON, PROFIBUS 등,
SCADA 카탈로그,CM01-0150-05/VS,데이터베이스,MS SQL, MySQL, Oracle 연동,
SCADA 카탈로그,CM01-0150-05/VS,스크립트,VBScript 기반,
SCADA 카탈로그,CM01-0150-10/VS,지원 OS,Windows 10/11 (64bit),
SCADA 카탈로그,CM01-0150-10/VS,지원 드라이버,600종 이상 (PLC, Inverter, 계측기 등),
SCADA 카탈로그,CM01-0150-10/VS,트렌드,실시간 / 히스토리 트렌드,
SCADA 카탈로그,CM01-0150-10/VS,알람,알람 목록 / 알람 히스토리,
SCADA 카탈로그,CM01-0150-10/VS,레포트,일보 / 주보 / 월보,
SCADA 카탈로그,CM01-0150-10/VS,통신 프로토콜,OPC DA/UA, Modbus, CIMON, PROFIBUS 등,
SCADA 카탈로그,CM01-0150-10/VS,데이터베이스,MS SQL, MySQL, Oracle 연동,
SCADA 카탈로그,CM01-0150-10/VS,스크립트,VBScript 기반,
SCADA 카탈로그,CM01-0150-FU/VS,지원 OS,Windows 10/11 (64bit),
SCADA 카탈로그,CM01-0150-FU/VS,지원 드라이버,600종 이상 (PLC, Inverter, 계측기 등),
SCADA 카탈로그,CM01-0150-FU/VS,트렌드,실시간 / 히스토리 트렌드,
SCADA 카탈로그,CM01-0150-FU/VS,알람,알람 목록 / 알람 히스토리,
SCADA 카탈로그,CM01-0150-FU/VS,레포트,일보 / 주보 / 월보,
SCADA 카탈로그,CM01-0150-FU/VS,통신 프로토콜,OPC DA/UA, Modbus, CIMON, PROFIBUS 등,
SCADA 카탈로그,CM01-0150-FU/VS,데이터베이스,MS SQL, MySQL, Oracle 연동,
SCADA 카탈로그,CM01-0150-FU/VS,스크립트,VBScript 기반,
SCADA 카탈로그,CM01-0500-02/VS,지원 OS,Windows 10/11 (64bit),
SCADA 카탈로그,CM01-0500-02/VS,지원 드라이버,600종 이상 (PLC, Inverter, 계측기 등),
SCADA 카탈로그,CM01-0500-02/VS,트렌드,실시간 / 히스토리 트렌드,
SCADA 카탈로그,CM01-0500-02/VS,알람,알람 목록 / 알람 히스토리,
SCADA 카탈로그,CM01-0500-02/VS,레포트,일보 / 주보 / 월보,
SCADA 카탈로그,CM01-0500-02/VS,통신 프로토콜,OPC DA/UA, Modbus, CIMON, PROFIBUS 등,
SCADA 카탈로그,CM01-0500-02/VS,데이터베이스,MS SQL, MySQL, Oracle 연동,
SCADA 카탈로그,CM01-0500-02/VS,스크립트,VBScript 기반,
SCADA 카탈로그,CM01-0500-05/VS,지원 OS,Windows 10/11 (64bit),
SCADA 카탈로그,CM01-0500-05/VS,지원 드라이버,600종 이상 (PLC, Inverter, 계측기 등),
SCADA 카탈로그,CM01-0500-05/VS,트렌드,실시간 / 히스토리 트렌드,
SCADA 카탈로그,CM01-0500-05/VS,알람,알람 목록 / 알람 히스토리,
SCADA 카탈로그,CM01-0500-05/VS,레포트,일보 / 주보 / 월보,
SCADA 카탈로그,CM01-0500-05/VS,통신 프로토콜,OPC DA/UA, Modbus, CIMON, PROFIBUS 등,
SCADA 카탈로그,CM01-0500-05/VS,데이터베이스,MS SQL, MySQL, Oracle 연동,
SCADA 카탈로그,CM01-0500-05/VS,스크립트,VBScript 기반,
SCADA 카탈로그,CM01-0500-10/VS,지원 OS,Windows 10/11 (64bit),
SCADA 카탈로그,CM01-0500-10/VS,지원 드라이버,600종 이상 (PLC, Inverter, 계측기 등),
SCADA 카탈로그,CM01-0500-10/VS,트렌드,실시간 / 히스토리 트렌드,
SCADA 카탈로그,CM01-0500-10/VS,알람,알람 목록 / 알람 히스토리,
SCADA 카탈로그,CM01-0500-10/VS,레포트,일보 / 주보 / 월보,
SCADA 카탈로그,CM01-0500-10/VS,통신 프로토콜,OPC DA/UA, Modbus, CIMON, PROFIBUS 등,
SCADA 카탈로그,CM01-0500-10/VS,데이터베이스,MS SQL, MySQL, Oracle 연동,
SCADA 카탈로그,CM01-0500-10/VS,스크립트,VBScript 기반,
SCADA 카탈로그,CM01-0500-FU/VS,지원 OS,Windows 10/11 (64bit),
SCADA 카탈로그,CM01-0500-FU/VS,지원 드라이버,600종 이상 (PLC, Inverter, 계측기 등),
SCADA 카탈로그,CM01-0500-FU/VS,트렌드,실시간 / 히스토리 트렌드,
SCADA 카탈로그,CM01-0500-FU/VS,알람,알람 목록 / 알람 히스토리,
SCADA 카탈로그,CM01-0500-FU/VS,레포트,일보 / 주보 / 월보,
SCADA 카탈로그,CM01-0500-FU/VS,통신 프로토콜,OPC DA/UA, Modbus, CIMON, PROFIBUS 등,
SCADA 카탈로그,CM01-0500-FU/VS,데이터베이스,MS SQL, MySQL, Oracle 연동,
SCADA 카탈로그,CM01-0500-FU/VS,스크립트,VBScript 기반,
SCADA 카탈로그,CM01-FULL-02/VS,지원 OS,Windows 10/11 (64bit),
SCADA 카탈로그,CM01-FULL-02/VS,지원 드라이버,600종 이상 (PLC, Inverter, 계측기 등),
SCADA 카탈로그,CM01-FULL-02/VS,트렌드,실시간 / 히스토리 트렌드,
SCADA 카탈로그,CM01-FULL-02/VS,알람,알람 목록 / 알람 히스토리,
SCADA 카탈로그,CM01-FULL-02/VS,레포트,일보 / 주보 / 월보,
SCADA 카탈로그,CM01-FULL-02/VS,통신 프로토콜,OPC DA/UA, Modbus, CIMON, PROFIBUS 등,
SCADA 카탈로그,CM01-FULL-02/VS,데이터베이스,MS SQL, MySQL, Oracle 연동,
SCADA 카탈로그,CM01-FULL-02/VS,스크립트,VBScript 기반,
SCADA 카탈로그,CM01-FULL-05/VS,지원 OS,Windows 10/11 (64bit),
SCADA 카탈로그,CM01-FULL-05/VS,지원 드라이버,600종 이상 (PLC, Inverter, 계측기 등),
SCADA 카탈로그,CM01-FULL-05/VS,트렌드,실시간 / 히스토리 트렌드,
SCADA 카탈로그,CM01-FULL-05/VS,알람,알람 목록 / 알람 히스토리,
SCADA 카탈로그,CM01-FULL-05/VS,레포트,일보 / 주보 / 월보,
SCADA 카탈로그,CM01-FULL-05/VS,통신 프로토콜,OPC DA/UA, Modbus, CIMON, PROFIBUS 등,
SCADA 카탈로그,CM01-FULL-05/VS,데이터베이스,MS SQL, MySQL, Oracle 연동,
SCADA 카탈로그,CM01-FULL-05/VS,스크립트,VBScript 기반,
SCADA 카탈로그,CM01-FULL-10/VS,지원 OS,Windows 10/11 (64bit),
SCADA 카탈로그,CM01-FULL-10/VS,지원 드라이버,600종 이상 (PLC, Inverter, 계측기 등),
SCADA 카탈로그,CM01-FULL-10/VS,트렌드,실시간 / 히스토리 트렌드,
SCADA 카탈로그,CM01-FULL-10/VS,알람,알람 목록 / 알람 히스토리,
SCADA 카탈로그,CM01-FULL-10/VS,레포트,일보 / 주보 / 월보,
SCADA 카탈로그,CM01-FULL-10/VS,통신 프로토콜,OPC DA/UA, Modbus, CIMON, PROFIBUS 등,
SCADA 카탈로그,CM01-FULL-10/VS,데이터베이스,MS SQL, MySQL, Oracle 연동,
SCADA 카탈로그,CM01-FULL-10/VS,스크립트,VBScript 기반,
SCADA 카탈로그,CM01-FULL-FU/VS,지원 OS,Windows 10/11 (64bit),
SCADA 카탈로그,CM01-FULL-FU/VS,지원 드라이버,600종 이상 (PLC, Inverter, 계측기 등),
SCADA 카탈로그,CM01-FULL-FU/VS,트렌드,실시간 / 히스토리 트렌드,
SCADA 카탈로그,CM01-FULL-FU/VS,알람,알람 목록 / 알람 히스토리,
SCADA 카탈로그,CM01-FULL-FU/VS,레포트,일보 / 주보 / 월보,
SCADA 카탈로그,CM01-FULL-FU/VS,통신 프로토콜,OPC DA/UA, Modbus, CIMON, PROFIBUS 등,
SCADA 카탈로그,CM01-FULL-FU/VS,데이터베이스,MS SQL, MySQL, Oracle 연동,
SCADA 카탈로그,CM01-FULL-FU/VS,스크립트,VBScript 기반,
SCADA 카탈로그,CM01-0150-02/CS,지원 OS,Windows 10/11 (64bit),
SCADA 카탈로그,CM01-0150-02/CS,지원 드라이버,600종 이상 (PLC, Inverter, 계측기 등),
SCADA 카탈로그,CM01-0150-02/CS,트렌드,실시간 / 히스토리 트렌드,
SCADA 카탈로그,CM01-0150-02/CS,알람,알람 목록 / 알람 히스토리,
SCADA 카탈로그,CM01-0150-02/CS,레포트,일보 / 주보 / 월보,
SCADA 카탈로그,CM01-0150-02/CS,통신 프로토콜,OPC DA/UA, Modbus, CIMON, PROFIBUS 등,
SCADA 카탈로그,CM01-0150-02/CS,데이터베이스,MS SQL, MySQL, Oracle 연동,
SCADA 카탈로그,CM01-0150-02/CS,스크립트,VBScript 기반,
SCADA 카탈로그,CM01-0150-05/CS,지원 OS,Windows 10/11 (64bit),
SCADA 카탈로그,CM01-0150-05/CS,지원 드라이버,600종 이상 (PLC, Inverter, 계측기 등),
SCADA 카탈로그,CM01-0150-05/CS,트렌드,실시간 / 히스토리 트렌드,
SCADA 카탈로그,CM01-0150-05/CS,알람,알람 목록 / 알람 히스토리,
SCADA 카탈로그,CM01-0150-05/CS,레포트,일보 / 주보 / 월보,
SCADA 카탈로그,CM01-0150-05/CS,통신 프로토콜,OPC DA/UA, Modbus, CIMON, PROFIBUS 등,
SCADA 카탈로그,CM01-0150-05/CS,데이터베이스,MS SQL, MySQL, Oracle 연동,
SCADA 카탈로그,CM01-0150-05/CS,스크립트,VBScript 기반,
SCADA 카탈로그,CM01-0150-10/CS,지원 OS,Windows 10/11 (64bit),
SCADA 카탈로그,CM01-0150-10/CS,지원 드라이버,600종 이상 (PLC, Inverter, 계측기 등),
SCADA 카탈로그,CM01-0150-10/CS,트렌드,실시간 / 히스토리 트렌드,
SCADA 카탈로그,CM01-0150-10/CS,알람,알람 목록 / 알람 히스토리,
SCADA 카탈로그,CM01-0150-10/CS,레포트,일보 / 주보 / 월보,
SCADA 카탈로그,CM01-0150-10/CS,통신 프로토콜,OPC DA/UA, Modbus, CIMON, PROFIBUS 등,
SCADA 카탈로그,CM01-0150-10/CS,데이터베이스,MS SQL, MySQL, Oracle 연동,
SCADA 카탈로그,CM01-0150-10/CS,스크립트,VBScript 기반,
SCADA 카탈로그,CM01-0150-FU/CS,지원 OS,Windows 10/11 (64bit),
SCADA 카탈로그,CM01-0150-FU/CS,지원 드라이버,600종 이상 (PLC, Inverter, 계측기 등),
SCADA 카탈로그,CM01-0150-FU/CS,트렌드,실시간 / 히스토리 트렌드,
SCADA 카탈로그,CM01-0150-FU/CS,알람,알람 목록 / 알람 히스토리,
SCADA 카탈로그,CM01-0150-FU/CS,레포트,일보 / 주보 / 월보,
SCADA 카탈로그,CM01-0150-FU/CS,통신 프로토콜,OPC DA/UA, Modbus, CIMON, PROFIBUS 등,
SCADA 카탈로그,CM01-0150-FU/CS,데이터베이스,MS SQL, MySQL, Oracle 연동,
SCADA 카탈로그,CM01-0150-FU/CS,스크립트,VBScript 기반,
SCADA 카탈로그,CM01-0500-02/CS,지원 OS,Windows 10/11 (64bit),
SCADA 카탈로그,CM01-0500-02/CS,지원 드라이버,600종 이상 (PLC, Inverter, 계측기 등),
SCADA 카탈로그,CM01-0500-02/CS,트렌드,실시간 / 히스토리 트렌드,
SCADA 카탈로그,CM01-0500-02/CS,알람,알람 목록 / 알람 히스토리,
SCADA 카탈로그,CM01-0500-02/CS,레포트,일보 / 주보 / 월보,
SCADA 카탈로그,CM01-0500-02/CS,통신 프로토콜,OPC DA/UA, Modbus, CIMON, PROFIBUS 등,
SCADA 카탈로그,CM01-0500-02/CS,데이터베이스,MS SQL, MySQL, Oracle 연동,
SCADA 카탈로그,CM01-0500-02/CS,스크립트,VBScript 기반,
SCADA 카탈로그,CM01-0500-05/CS,지원 OS,Windows 10/11 (64bit),
SCADA 카탈로그,CM01-0500-05/CS,지원 드라이버,600종 이상 (PLC, Inverter, 계측기 등),
SCADA 카탈로그,CM01-0500-05/CS,트렌드,실시간 / 히스토리 트렌드,
SCADA 카탈로그,CM01-0500-05/CS,알람,알람 목록 / 알람 히스토리,
SCADA 카탈로그,CM01-0500-05/CS,레포트,일보 / 주보 / 월보,
SCADA 카탈로그,CM01-0500-05/CS,통신 프로토콜,OPC DA/UA, Modbus, CIMON, PROFIBUS 등,
SCADA 카탈로그,CM01-0500-05/CS,데이터베이스,MS SQL, MySQL, Oracle 연동,
SCADA 카탈로그,CM01-0500-05/CS,스크립트,VBScript 기반,
SCADA 카탈로그,CM01-0500-10/CS,지원 OS,Windows 10/11 (64bit),
SCADA 카탈로그,CM01-0500-10/CS,지원 드라이버,600종 이상 (PLC, Inverter, 계측기 등),
SCADA 카탈로그,CM01-0500-10/CS,트렌드,실시간 / 히스토리 트렌드,
SCADA 카탈로그,CM01-0500-10/CS,알람,알람 목록 / 알람 히스토리,
SCADA 카탈로그,CM01-0500-10/CS,레포트,일보 / 주보 / 월보,
SCADA 카탈로그,CM01-0500-10/CS,통신 프로토콜,OPC DA/UA, Modbus, CIMON, PROFIBUS 등,
SCADA 카탈로그,CM01-0500-10/CS,데이터베이스,MS SQL, MySQL, Oracle 연동,
SCADA 카탈로그,CM01-0500-10/CS,스크립트,VBScript 기반,
SCADA 카탈로그,CM01-0500-FU/CS,지원 OS,Windows 10/11 (64bit),
SCADA 카탈로그,CM01-0500-FU/CS,지원 드라이버,600종 이상 (PLC, Inverter, 계측기 등),
SCADA 카탈로그,CM01-0500-FU/CS,트렌드,실시간 / 히스토리 트렌드,
SCADA 카탈로그,CM01-0500-FU/CS,알람,알람 목록 / 알람 히스토리,
SCADA 카탈로그,CM01-0500-FU/CS,레포트,일보 / 주보 / 월보,
SCADA 카탈로그,CM01-0500-FU/CS,통신 프로토콜,OPC DA/UA, Modbus, CIMON, PROFIBUS 등,
SCADA 카탈로그,CM01-0500-FU/CS,데이터베이스,MS SQL, MySQL, Oracle 연동,
SCADA 카탈로그,CM01-0500-FU/CS,스크립트,VBScript 기반,
SCADA 카탈로그,CM01-FULL-02/CS,지원 OS,Windows 10/11 (64bit),
SCADA 카탈로그,CM01-FULL-02/CS,지원 드라이버,600종 이상 (PLC, Inverter, 계측기 등),
SCADA 카탈로그,CM01-FULL-02/CS,트렌드,실시간 / 히스토리 트렌드,
SCADA 카탈로그,CM01-FULL-02/CS,알람,알람 목록 / 알람 히스토리,
SCADA 카탈로그,CM01-FULL-02/CS,레포트,일보 / 주보 / 월보,
SCADA 카탈로그,CM01-FULL-02/CS,통신 프로토콜,OPC DA/UA, Modbus, CIMON, PROFIBUS 등,
SCADA 카탈로그,CM01-FULL-02/CS,데이터베이스,MS SQL, MySQL, Oracle 연동,
SCADA 카탈로그,CM01-FULL-02/CS,스크립트,VBScript 기반,
SCADA 카탈로그,CM01-FULL-05/CS,지원 OS,Windows 10/11 (64bit),
SCADA 카탈로그,CM01-FULL-05/CS,지원 드라이버,600종 이상 (PLC, Inverter, 계측기 등),
SCADA 카탈로그,CM01-FULL-05/CS,트렌드,실시간 / 히스토리 트렌드,
SCADA 카탈로그,CM01-FULL-05/CS,알람,알람 목록 / 알람 히스토리,
SCADA 카탈로그,CM01-FULL-05/CS,레포트,일보 / 주보 / 월보,
SCADA 카탈로그,CM01-FULL-05/CS,통신 프로토콜,OPC DA/UA, Modbus, CIMON, PROFIBUS 등,
SCADA 카탈로그,CM01-FULL-05/CS,데이터베이스,MS SQL, MySQL, Oracle 연동,
SCADA 카탈로그,CM01-FULL-05/CS,스크립트,VBScript 기반,
SCADA 카탈로그,CM01-FULL-10/CS,지원 OS,Windows 10/11 (64bit),
SCADA 카탈로그,CM01-FULL-10/CS,지원 드라이버,600종 이상 (PLC, Inverter, 계측기 등),
SCADA 카탈로그,CM01-FULL-10/CS,트렌드,실시간 / 히스토리 트렌드,
SCADA 카탈로그,CM01-FULL-10/CS,알람,알람 목록 / 알람 히스토리,
SCADA 카탈로그,CM01-FULL-10/CS,레포트,일보 / 주보 / 월보,
SCADA 카탈로그,CM01-FULL-10/CS,통신 프로토콜,OPC DA/UA, Modbus, CIMON, PROFIBUS 등,
SCADA 카탈로그,CM01-FULL-10/CS,데이터베이스,MS SQL, MySQL, Oracle 연동,
SCADA 카탈로그,CM01-FULL-10/CS,스크립트,VBScript 기반,
SCADA 카탈로그,CM01-FULL-FU/CS,지원 OS,Windows 10/11 (64bit),
SCADA 카탈로그,CM01-FULL-FU/CS,지원 드라이버,600종 이상 (PLC, Inverter, 계측기 등),
SCADA 카탈로그,CM01-FULL-FU/CS,트렌드,실시간 / 히스토리 트렌드,
SCADA 카탈로그,CM01-FULL-FU/CS,알람,알람 목록 / 알람 히스토리,
SCADA 카탈로그,CM01-FULL-FU/CS,레포트,일보 / 주보 / 월보,
SCADA 카탈로그,CM01-FULL-FU/CS,통신 프로토콜,OPC DA/UA, Modbus, CIMON, PROFIBUS 등,
SCADA 카탈로그,CM01-FULL-FU/CS,데이터베이스,MS SQL, MySQL, Oracle 연동,
SCADA 카탈로그,CM01-FULL-FU/CS,스크립트,VBScript 기반,
SCADA-PRO 카탈로그,CM03-75/DS,지원 OS,Windows 10/11 (64bit),
SCADA-PRO 카탈로그,CM03-75/DS,지원 드라이버,600종 이상 (PLC, Inverter, 계측기 등),
SCADA-PRO 카탈로그,CM03-75/DS,트렌드,실시간 / 히스토리 트렌드,
SCADA-PRO 카탈로그,CM03-75/DS,알람,알람 목록 / 알람 히스토리,
SCADA-PRO 카탈로그,CM03-75/DS,레포트,일보 / 주보 / 월보,
SCADA-PRO 카탈로그,CM03-75/DS,통신 프로토콜,OPC DA/UA, Modbus, CIMON, PROFIBUS 등,
SCADA-PRO 카탈로그,CM03-75/DS,데이터베이스,MS SQL, MySQL, Oracle 연동,
SCADA-PRO 카탈로그,CM03-75/DS,스크립트,VBScript / Python,
SCADA-PRO 카탈로그,CM03-75/DS,분산 시스템,멀티 서버 지원,
SCADA-PRO 카탈로그,CM03-75/DS,이중화,서버 이중화 지원,
SCADA-PRO 카탈로그,CM03-75/RS,지원 OS,Windows 10/11 (64bit),
SCADA-PRO 카탈로그,CM03-75/RS,지원 드라이버,600종 이상 (PLC, Inverter, 계측기 등),
SCADA-PRO 카탈로그,CM03-75/RS,트렌드,실시간 / 히스토리 트렌드,
SCADA-PRO 카탈로그,CM03-75/RS,알람,알람 목록 / 알람 히스토리,
SCADA-PRO 카탈로그,CM03-75/RS,레포트,일보 / 주보 / 월보,
SCADA-PRO 카탈로그,CM03-75/RS,통신 프로토콜,OPC DA/UA, Modbus, CIMON, PROFIBUS 등,
SCADA-PRO 카탈로그,CM03-75/RS,데이터베이스,MS SQL, MySQL, Oracle 연동,
SCADA-PRO 카탈로그,CM03-75/RS,스크립트,VBScript / Python,
SCADA-PRO 카탈로그,CM03-75/RS,분산 시스템,멀티 서버 지원,
SCADA-PRO 카탈로그,CM03-75/RS,이중화,서버 이중화 지원,
SCADA-PRO 카탈로그,CM03-150/DS,지원 OS,Windows 10/11 (64bit),
SCADA-PRO 카탈로그,CM03-150/DS,지원 드라이버,600종 이상 (PLC, Inverter, 계측기 등),
SCADA-PRO 카탈로그,CM03-150/DS,트렌드,실시간 / 히스토리 트렌드,
SCADA-PRO 카탈로그,CM03-150/DS,알람,알람 목록 / 알람 히스토리,
SCADA-PRO 카탈로그,CM03-150/DS,레포트,일보 / 주보 / 월보,
SCADA-PRO 카탈로그,CM03-150/DS,통신 프로토콜,OPC DA/UA, Modbus, CIMON, PROFIBUS 등,
SCADA-PRO 카탈로그,CM03-150/DS,데이터베이스,MS SQL, MySQL, Oracle 연동,
SCADA-PRO 카탈로그,CM03-150/DS,스크립트,VBScript / Python,
SCADA-PRO 카탈로그,CM03-150/DS,분산 시스템,멀티 서버 지원,
SCADA-PRO 카탈로그,CM03-150/DS,이중화,서버 이중화 지원,
SCADA-PRO 카탈로그,CM03-150/RS,지원 OS,Windows 10/11 (64bit),
SCADA-PRO 카탈로그,CM03-150/RS,지원 드라이버,600종 이상 (PLC, Inverter, 계측기 등),
SCADA-PRO 카탈로그,CM03-150/RS,트렌드,실시간 / 히스토리 트렌드,
SCADA-PRO 카탈로그,CM03-150/RS,알람,알람 목록 / 알람 히스토리,
SCADA-PRO 카탈로그,CM03-150/RS,레포트,일보 / 주보 / 월보,
SCADA-PRO 카탈로그,CM03-150/RS,통신 프로토콜,OPC DA/UA, Modbus, CIMON, PROFIBUS 등,
SCADA-PRO 카탈로그,CM03-150/RS,데이터베이스,MS SQL, MySQL, Oracle 연동,
SCADA-PRO 카탈로그,CM03-150/RS,스크립트,VBScript / Python,
SCADA-PRO 카탈로그,CM03-150/RS,분산 시스템,멀티 서버 지원,
SCADA-PRO 카탈로그,CM03-150/RS,이중화,서버 이중화 지원,
SCADA-PRO 카탈로그,CM03-500/DS,지원 OS,Windows 10/11 (64bit),
SCADA-PRO 카탈로그,CM03-500/DS,지원 드라이버,600종 이상 (PLC, Inverter, 계측기 등),
SCADA-PRO 카탈로그,CM03-500/DS,트렌드,실시간 / 히스토리 트렌드,
SCADA-PRO 카탈로그,CM03-500/DS,알람,알람 목록 / 알람 히스토리,
SCADA-PRO 카탈로그,CM03-500/DS,레포트,일보 / 주보 / 월보,
SCADA-PRO 카탈로그,CM03-500/DS,통신 프로토콜,OPC DA/UA, Modbus, CIMON, PROFIBUS 등,
SCADA-PRO 카탈로그,CM03-500/DS,데이터베이스,MS SQL, MySQL, Oracle 연동,
SCADA-PRO 카탈로그,CM03-500/DS,스크립트,VBScript / Python,
SCADA-PRO 카탈로그,CM03-500/DS,분산 시스템,멀티 서버 지원,
SCADA-PRO 카탈로그,CM03-500/DS,이중화,서버 이중화 지원,
SCADA-PRO 카탈로그,CM03-500/RS,지원 OS,Windows 10/11 (64bit),
SCADA-PRO 카탈로그,CM03-500/RS,지원 드라이버,600종 이상 (PLC, Inverter, 계측기 등),
SCADA-PRO 카탈로그,CM03-500/RS,트렌드,실시간 / 히스토리 트렌드,
SCADA-PRO 카탈로그,CM03-500/RS,알람,알람 목록 / 알람 히스토리,
SCADA-PRO 카탈로그,CM03-500/RS,레포트,일보 / 주보 / 월보,
SCADA-PRO 카탈로그,CM03-500/RS,통신 프로토콜,OPC DA/UA, Modbus, CIMON, PROFIBUS 등,
SCADA-PRO 카탈로그,CM03-500/RS,데이터베이스,MS SQL, MySQL, Oracle 연동,
SCADA-PRO 카탈로그,CM03-500/RS,스크립트,VBScript / Python,
SCADA-PRO 카탈로그,CM03-500/RS,분산 시스템,멀티 서버 지원,
SCADA-PRO 카탈로그,CM03-500/RS,이중화,서버 이중화 지원,
SCADA-PRO 카탈로그,CM03-10K/DS,지원 OS,Windows 10/11 (64bit),
SCADA-PRO 카탈로그,CM03-10K/DS,지원 드라이버,600종 이상 (PLC, Inverter, 계측기 등),
SCADA-PRO 카탈로그,CM03-10K/DS,트렌드,실시간 / 히스토리 트렌드,
SCADA-PRO 카탈로그,CM03-10K/DS,알람,알람 목록 / 알람 히스토리,
SCADA-PRO 카탈로그,CM03-10K/DS,레포트,일보 / 주보 / 월보,
SCADA-PRO 카탈로그,CM03-10K/DS,통신 프로토콜,OPC DA/UA, Modbus, CIMON, PROFIBUS 등,
SCADA-PRO 카탈로그,CM03-10K/DS,데이터베이스,MS SQL, MySQL, Oracle 연동,
SCADA-PRO 카탈로그,CM03-10K/DS,스크립트,VBScript / Python,
SCADA-PRO 카탈로그,CM03-10K/DS,분산 시스템,멀티 서버 지원,
SCADA-PRO 카탈로그,CM03-10K/DS,이중화,서버 이중화 지원,
SCADA-PRO 카탈로그,CM03-10K/RS,지원 OS,Windows 10/11 (64bit),
SCADA-PRO 카탈로그,CM03-10K/RS,지원 드라이버,600종 이상 (PLC, Inverter, 계측기 등),
SCADA-PRO 카탈로그,CM03-10K/RS,트렌드,실시간 / 히스토리 트렌드,
SCADA-PRO 카탈로그,CM03-10K/RS,알람,알람 목록 / 알람 히스토리,
SCADA-PRO 카탈로그,CM03-10K/RS,레포트,일보 / 주보 / 월보,
SCADA-PRO 카탈로그,CM03-10K/RS,통신 프로토콜,OPC DA/UA, Modbus, CIMON, PROFIBUS 등,
SCADA-PRO 카탈로그,CM03-10K/RS,데이터베이스,MS SQL, MySQL, Oracle 연동,
SCADA-PRO 카탈로그,CM03-10K/RS,스크립트,VBScript / Python,
SCADA-PRO 카탈로그,CM03-10K/RS,분산 시스템,멀티 서버 지원,
SCADA-PRO 카탈로그,CM03-10K/RS,이중화,서버 이중화 지원,
SCADA-PRO 카탈로그,CM03-100K/DS,지원 OS,Windows 10/11 (64bit),
SCADA-PRO 카탈로그,CM03-100K/DS,지원 드라이버,600종 이상 (PLC, Inverter, 계측기 등),
SCADA-PRO 카탈로그,CM03-100K/DS,트렌드,실시간 / 히스토리 트렌드,
SCADA-PRO 카탈로그,CM03-100K/DS,알람,알람 목록 / 알람 히스토리,
SCADA-PRO 카탈로그,CM03-100K/DS,레포트,일보 / 주보 / 월보,
SCADA-PRO 카탈로그,CM03-100K/DS,통신 프로토콜,OPC DA/UA, Modbus, CIMON, PROFIBUS 등,
SCADA-PRO 카탈로그,CM03-100K/DS,데이터베이스,MS SQL, MySQL, Oracle 연동,
SCADA-PRO 카탈로그,CM03-100K/DS,스크립트,VBScript / Python,
SCADA-PRO 카탈로그,CM03-100K/DS,분산 시스템,멀티 서버 지원,
SCADA-PRO 카탈로그,CM03-100K/DS,이중화,서버 이중화 지원,
SCADA-PRO 카탈로그,CM03-100K/RS,지원 OS,Windows 10/11 (64bit),
SCADA-PRO 카탈로그,CM03-100K/RS,지원 드라이버,600종 이상 (PLC, Inverter, 계측기 등),
SCADA-PRO 카탈로그,CM03-100K/RS,트렌드,실시간 / 히스토리 트렌드,
SCADA-PRO 카탈로그,CM03-100K/RS,알람,알람 목록 / 알람 히스토리,
SCADA-PRO 카탈로그,CM03-100K/RS,레포트,일보 / 주보 / 월보,
SCADA-PRO 카탈로그,CM03-100K/RS,통신 프로토콜,OPC DA/UA, Modbus, CIMON, PROFIBUS 등,
SCADA-PRO 카탈로그,CM03-100K/RS,데이터베이스,MS SQL, MySQL, Oracle 연동,
SCADA-PRO 카탈로그,CM03-100K/RS,스크립트,VBScript / Python,
SCADA-PRO 카탈로그,CM03-100K/RS,분산 시스템,멀티 서버 지원,
SCADA-PRO 카탈로그,CM03-100K/RS,이중화,서버 이중화 지원,
SCADA-PRO 카탈로그,CM03-150-01/WS,지원 OS,Windows 10/11 (64bit),
SCADA-PRO 카탈로그,CM03-150-01/WS,지원 드라이버,600종 이상 (PLC, Inverter, 계측기 등),
SCADA-PRO 카탈로그,CM03-150-01/WS,트렌드,실시간 / 히스토리 트렌드,
SCADA-PRO 카탈로그,CM03-150-01/WS,알람,알람 목록 / 알람 히스토리,
SCADA-PRO 카탈로그,CM03-150-01/WS,레포트,일보 / 주보 / 월보,
SCADA-PRO 카탈로그,CM03-150-01/WS,통신 프로토콜,OPC DA/UA, Modbus, CIMON, PROFIBUS 등,
SCADA-PRO 카탈로그,CM03-150-01/WS,데이터베이스,MS SQL, MySQL, Oracle 연동,
SCADA-PRO 카탈로그,CM03-150-01/WS,스크립트,VBScript / Python,
SCADA-PRO 카탈로그,CM03-150-01/WS,분산 시스템,멀티 서버 지원,
SCADA-PRO 카탈로그,CM03-150-01/WS,이중화,서버 이중화 지원,
SCADA-PRO 카탈로그,CM03-150-03/WS,지원 OS,Windows 10/11 (64bit),
SCADA-PRO 카탈로그,CM03-150-03/WS,지원 드라이버,600종 이상 (PLC, Inverter, 계측기 등),
SCADA-PRO 카탈로그,CM03-150-03/WS,트렌드,실시간 / 히스토리 트렌드,
SCADA-PRO 카탈로그,CM03-150-03/WS,알람,알람 목록 / 알람 히스토리,
SCADA-PRO 카탈로그,CM03-150-03/WS,레포트,일보 / 주보 / 월보,
SCADA-PRO 카탈로그,CM03-150-03/WS,통신 프로토콜,OPC DA/UA, Modbus, CIMON, PROFIBUS 등,
SCADA-PRO 카탈로그,CM03-150-03/WS,데이터베이스,MS SQL, MySQL, Oracle 연동,
SCADA-PRO 카탈로그,CM03-150-03/WS,스크립트,VBScript / Python,
SCADA-PRO 카탈로그,CM03-150-03/WS,분산 시스템,멀티 서버 지원,
SCADA-PRO 카탈로그,CM03-150-03/WS,이중화,서버 이중화 지원,
SCADA-PRO 카탈로그,CM03-150-05/WS,지원 OS,Windows 10/11 (64bit),
SCADA-PRO 카탈로그,CM03-150-05/WS,지원 드라이버,600종 이상 (PLC, Inverter, 계측기 등),
SCADA-PRO 카탈로그,CM03-150-05/WS,트렌드,실시간 / 히스토리 트렌드,
SCADA-PRO 카탈로그,CM03-150-05/WS,알람,알람 목록 / 알람 히스토리,
SCADA-PRO 카탈로그,CM03-150-05/WS,레포트,일보 / 주보 / 월보,
SCADA-PRO 카탈로그,CM03-150-05/WS,통신 프로토콜,OPC DA/UA, Modbus, CIMON, PROFIBUS 등,
SCADA-PRO 카탈로그,CM03-150-05/WS,데이터베이스,MS SQL, MySQL, Oracle 연동,
SCADA-PRO 카탈로그,CM03-150-05/WS,스크립트,VBScript / Python,
SCADA-PRO 카탈로그,CM03-150-05/WS,분산 시스템,멀티 서버 지원,
SCADA-PRO 카탈로그,CM03-150-05/WS,이중화,서버 이중화 지원,
SCADA-PRO 카탈로그,CM03-150-10/WS,지원 OS,Windows 10/11 (64bit),
SCADA-PRO 카탈로그,CM03-150-10/WS,지원 드라이버,600종 이상 (PLC, Inverter, 계측기 등),
SCADA-PRO 카탈로그,CM03-150-10/WS,트렌드,실시간 / 히스토리 트렌드,
SCADA-PRO 카탈로그,CM03-150-10/WS,알람,알람 목록 / 알람 히스토리,
SCADA-PRO 카탈로그,CM03-150-10/WS,레포트,일보 / 주보 / 월보,
SCADA-PRO 카탈로그,CM03-150-10/WS,통신 프로토콜,OPC DA/UA, Modbus, CIMON, PROFIBUS 등,
SCADA-PRO 카탈로그,CM03-150-10/WS,데이터베이스,MS SQL, MySQL, Oracle 연동,
SCADA-PRO 카탈로그,CM03-150-10/WS,스크립트,VBScript / Python,
SCADA-PRO 카탈로그,CM03-150-10/WS,분산 시스템,멀티 서버 지원,
SCADA-PRO 카탈로그,CM03-150-10/WS,이중화,서버 이중화 지원,
SCADA-PRO 카탈로그,CM03-150-15/WS,지원 OS,Windows 10/11 (64bit),
SCADA-PRO 카탈로그,CM03-150-15/WS,지원 드라이버,600종 이상 (PLC, Inverter, 계측기 등),
SCADA-PRO 카탈로그,CM03-150-15/WS,트렌드,실시간 / 히스토리 트렌드,
SCADA-PRO 카탈로그,CM03-150-15/WS,알람,알람 목록 / 알람 히스토리,
SCADA-PRO 카탈로그,CM03-150-15/WS,레포트,일보 / 주보 / 월보,
SCADA-PRO 카탈로그,CM03-150-15/WS,통신 프로토콜,OPC DA/UA, Modbus, CIMON, PROFIBUS 등,
SCADA-PRO 카탈로그,CM03-150-15/WS,데이터베이스,MS SQL, MySQL, Oracle 연동,
SCADA-PRO 카탈로그,CM03-150-15/WS,스크립트,VBScript / Python,
SCADA-PRO 카탈로그,CM03-150-15/WS,분산 시스템,멀티 서버 지원,
SCADA-PRO 카탈로그,CM03-150-15/WS,이중화,서버 이중화 지원,
SCADA-PRO 카탈로그,CM03-150-20/WS,지원 OS,Windows 10/11 (64bit),
SCADA-PRO 카탈로그,CM03-150-20/WS,지원 드라이버,600종 이상 (PLC, Inverter, 계측기 등),
SCADA-PRO 카탈로그,CM03-150-20/WS,트렌드,실시간 / 히스토리 트렌드,
SCADA-PRO 카탈로그,CM03-150-20/WS,알람,알람 목록 / 알람 히스토리,
SCADA-PRO 카탈로그,CM03-150-20/WS,레포트,일보 / 주보 / 월보,
SCADA-PRO 카탈로그,CM03-150-20/WS,통신 프로토콜,OPC DA/UA, Modbus, CIMON, PROFIBUS 등,
SCADA-PRO 카탈로그,CM03-150-20/WS,데이터베이스,MS SQL, MySQL, Oracle 연동,
SCADA-PRO 카탈로그,CM03-150-20/WS,스크립트,VBScript / Python,
SCADA-PRO 카탈로그,CM03-150-20/WS,분산 시스템,멀티 서버 지원,
SCADA-PRO 카탈로그,CM03-150-20/WS,이중화,서버 이중화 지원,
SCADA-PRO 카탈로그,CM03-150-25/WS,지원 OS,Windows 10/11 (64bit),
SCADA-PRO 카탈로그,CM03-150-25/WS,지원 드라이버,600종 이상 (PLC, Inverter, 계측기 등),
SCADA-PRO 카탈로그,CM03-150-25/WS,트렌드,실시간 / 히스토리 트렌드,
SCADA-PRO 카탈로그,CM03-150-25/WS,알람,알람 목록 / 알람 히스토리,
SCADA-PRO 카탈로그,CM03-150-25/WS,레포트,일보 / 주보 / 월보,
SCADA-PRO 카탈로그,CM03-150-25/WS,통신 프로토콜,OPC DA/UA, Modbus, CIMON, PROFIBUS 등,
SCADA-PRO 카탈로그,CM03-150-25/WS,데이터베이스,MS SQL, MySQL, Oracle 연동,
SCADA-PRO 카탈로그,CM03-150-25/WS,스크립트,VBScript / Python,
SCADA-PRO 카탈로그,CM03-150-25/WS,분산 시스템,멀티 서버 지원,
SCADA-PRO 카탈로그,CM03-150-25/WS,이중화,서버 이중화 지원,
SCADA-PRO 카탈로그,CM03-150-30/WS,지원 OS,Windows 10/11 (64bit),
SCADA-PRO 카탈로그,CM03-150-30/WS,지원 드라이버,600종 이상 (PLC, Inverter, 계측기 등),
SCADA-PRO 카탈로그,CM03-150-30/WS,트렌드,실시간 / 히스토리 트렌드,
SCADA-PRO 카탈로그,CM03-150-30/WS,알람,알람 목록 / 알람 히스토리,
SCADA-PRO 카탈로그,CM03-150-30/WS,레포트,일보 / 주보 / 월보,
SCADA-PRO 카탈로그,CM03-150-30/WS,통신 프로토콜,OPC DA/UA, Modbus, CIMON, PROFIBUS 등,
SCADA-PRO 카탈로그,CM03-150-30/WS,데이터베이스,MS SQL, MySQL, Oracle 연동,
SCADA-PRO 카탈로그,CM03-150-30/WS,스크립트,VBScript / Python,
SCADA-PRO 카탈로그,CM03-150-30/WS,분산 시스템,멀티 서버 지원,
SCADA-PRO 카탈로그,CM03-150-30/WS,이중화,서버 이중화 지원,
SCADA-PRO 카탈로그,CM03-500-01/WS,지원 OS,Windows 10/11 (64bit),
SCADA-PRO 카탈로그,CM03-500-01/WS,지원 드라이버,600종 이상 (PLC, Inverter, 계측기 등),
SCADA-PRO 카탈로그,CM03-500-01/WS,트렌드,실시간 / 히스토리 트렌드,
SCADA-PRO 카탈로그,CM03-500-01/WS,알람,알람 목록 / 알람 히스토리,
SCADA-PRO 카탈로그,CM03-500-01/WS,레포트,일보 / 주보 / 월보,
SCADA-PRO 카탈로그,CM03-500-01/WS,통신 프로토콜,OPC DA/UA, Modbus, CIMON, PROFIBUS 등,
SCADA-PRO 카탈로그,CM03-500-01/WS,데이터베이스,MS SQL, MySQL, Oracle 연동,
SCADA-PRO 카탈로그,CM03-500-01/WS,스크립트,VBScript / Python,
SCADA-PRO 카탈로그,CM03-500-01/WS,분산 시스템,멀티 서버 지원,
SCADA-PRO 카탈로그,CM03-500-01/WS,이중화,서버 이중화 지원,
SCADA-PRO 카탈로그,CM03-500-03/WS,지원 OS,Windows 10/11 (64bit),
SCADA-PRO 카탈로그,CM03-500-03/WS,지원 드라이버,600종 이상 (PLC, Inverter, 계측기 등),
SCADA-PRO 카탈로그,CM03-500-03/WS,트렌드,실시간 / 히스토리 트렌드,
SCADA-PRO 카탈로그,CM03-500-03/WS,알람,알람 목록 / 알람 히스토리,
SCADA-PRO 카탈로그,CM03-500-03/WS,레포트,일보 / 주보 / 월보,
SCADA-PRO 카탈로그,CM03-500-03/WS,통신 프로토콜,OPC DA/UA, Modbus, CIMON, PROFIBUS 등,
SCADA-PRO 카탈로그,CM03-500-03/WS,데이터베이스,MS SQL, MySQL, Oracle 연동,
SCADA-PRO 카탈로그,CM03-500-03/WS,스크립트,VBScript / Python,
SCADA-PRO 카탈로그,CM03-500-03/WS,분산 시스템,멀티 서버 지원,
SCADA-PRO 카탈로그,CM03-500-03/WS,이중화,서버 이중화 지원,
SCADA-PRO 카탈로그,CM03-500-05/WS,지원 OS,Windows 10/11 (64bit),
SCADA-PRO 카탈로그,CM03-500-05/WS,지원 드라이버,600종 이상 (PLC, Inverter, 계측기 등),
SCADA-PRO 카탈로그,CM03-500-05/WS,트렌드,실시간 / 히스토리 트렌드,
SCADA-PRO 카탈로그,CM03-500-05/WS,알람,알람 목록 / 알람 히스토리,
SCADA-PRO 카탈로그,CM03-500-05/WS,레포트,일보 / 주보 / 월보,
SCADA-PRO 카탈로그,CM03-500-05/WS,통신 프로토콜,OPC DA/UA, Modbus, CIMON, PROFIBUS 등,
SCADA-PRO 카탈로그,CM03-500-05/WS,데이터베이스,MS SQL, MySQL, Oracle 연동,
SCADA-PRO 카탈로그,CM03-500-05/WS,스크립트,VBScript / Python,
SCADA-PRO 카탈로그,CM03-500-05/WS,분산 시스템,멀티 서버 지원,
SCADA-PRO 카탈로그,CM03-500-05/WS,이중화,서버 이중화 지원,
SCADA-PRO 카탈로그,CM03-500-10/WS,지원 OS,Windows 10/11 (64bit),
SCADA-PRO 카탈로그,CM03-500-10/WS,지원 드라이버,600종 이상 (PLC, Inverter, 계측기 등),
SCADA-PRO 카탈로그,CM03-500-10/WS,트렌드,실시간 / 히스토리 트렌드,
SCADA-PRO 카탈로그,CM03-500-10/WS,알람,알람 목록 / 알람 히스토리,
SCADA-PRO 카탈로그,CM03-500-10/WS,레포트,일보 / 주보 / 월보,
SCADA-PRO 카탈로그,CM03-500-10/WS,통신 프로토콜,OPC DA/UA, Modbus, CIMON, PROFIBUS 등,
SCADA-PRO 카탈로그,CM03-500-10/WS,데이터베이스,MS SQL, MySQL, Oracle 연동,
SCADA-PRO 카탈로그,CM03-500-10/WS,스크립트,VBScript / Python,
SCADA-PRO 카탈로그,CM03-500-10/WS,분산 시스템,멀티 서버 지원,
SCADA-PRO 카탈로그,CM03-500-10/WS,이중화,서버 이중화 지원,
SCADA-PRO 카탈로그,CM03-500-15/WS,지원 OS,Windows 10/11 (64bit),
SCADA-PRO 카탈로그,CM03-500-15/WS,지원 드라이버,600종 이상 (PLC, Inverter, 계측기 등),
SCADA-PRO 카탈로그,CM03-500-15/WS,트렌드,실시간 / 히스토리 트렌드,
SCADA-PRO 카탈로그,CM03-500-15/WS,알람,알람 목록 / 알람 히스토리,
SCADA-PRO 카탈로그,CM03-500-15/WS,레포트,일보 / 주보 / 월보,
SCADA-PRO 카탈로그,CM03-500-15/WS,통신 프로토콜,OPC DA/UA, Modbus, CIMON, PROFIBUS 등,
SCADA-PRO 카탈로그,CM03-500-15/WS,데이터베이스,MS SQL, MySQL, Oracle 연동,
SCADA-PRO 카탈로그,CM03-500-15/WS,스크립트,VBScript / Python,
SCADA-PRO 카탈로그,CM03-500-15/WS,분산 시스템,멀티 서버 지원,
SCADA-PRO 카탈로그,CM03-500-15/WS,이중화,서버 이중화 지원,
SCADA-PRO 카탈로그,CM03-500-20/WS,지원 OS,Windows 10/11 (64bit),
SCADA-PRO 카탈로그,CM03-500-20/WS,지원 드라이버,600종 이상 (PLC, Inverter, 계측기 등),
SCADA-PRO 카탈로그,CM03-500-20/WS,트렌드,실시간 / 히스토리 트렌드,
SCADA-PRO 카탈로그,CM03-500-20/WS,알람,알람 목록 / 알람 히스토리,
SCADA-PRO 카탈로그,CM03-500-20/WS,레포트,일보 / 주보 / 월보,
SCADA-PRO 카탈로그,CM03-500-20/WS,통신 프로토콜,OPC DA/UA, Modbus, CIMON, PROFIBUS 등,
SCADA-PRO 카탈로그,CM03-500-20/WS,데이터베이스,MS SQL, MySQL, Oracle 연동,
SCADA-PRO 카탈로그,CM03-500-20/WS,스크립트,VBScript / Python,
SCADA-PRO 카탈로그,CM03-500-20/WS,분산 시스템,멀티 서버 지원,
SCADA-PRO 카탈로그,CM03-500-20/WS,이중화,서버 이중화 지원,
SCADA-PRO 카탈로그,CM03-500-25/WS,지원 OS,Windows 10/11 (64bit),
SCADA-PRO 카탈로그,CM03-500-25/WS,지원 드라이버,600종 이상 (PLC, Inverter, 계측기 등),
SCADA-PRO 카탈로그,CM03-500-25/WS,트렌드,실시간 / 히스토리 트렌드,
SCADA-PRO 카탈로그,CM03-500-25/WS,알람,알람 목록 / 알람 히스토리,
SCADA-PRO 카탈로그,CM03-500-25/WS,레포트,일보 / 주보 / 월보,
SCADA-PRO 카탈로그,CM03-500-25/WS,통신 프로토콜,OPC DA/UA, Modbus, CIMON, PROFIBUS 등,
SCADA-PRO 카탈로그,CM03-500-25/WS,데이터베이스,MS SQL, MySQL, Oracle 연동,
SCADA-PRO 카탈로그,CM03-500-25/WS,스크립트,VBScript / Python,
SCADA-PRO 카탈로그,CM03-500-25/WS,분산 시스템,멀티 서버 지원,
SCADA-PRO 카탈로그,CM03-500-25/WS,이중화,서버 이중화 지원,
SCADA-PRO 카탈로그,CM03-500-30/WS,지원 OS,Windows 10/11 (64bit),
SCADA-PRO 카탈로그,CM03-500-30/WS,지원 드라이버,600종 이상 (PLC, Inverter, 계측기 등),
SCADA-PRO 카탈로그,CM03-500-30/WS,트렌드,실시간 / 히스토리 트렌드,
SCADA-PRO 카탈로그,CM03-500-30/WS,알람,알람 목록 / 알람 히스토리,
SCADA-PRO 카탈로그,CM03-500-30/WS,레포트,일보 / 주보 / 월보,
SCADA-PRO 카탈로그,CM03-500-30/WS,통신 프로토콜,OPC DA/UA, Modbus, CIMON, PROFIBUS 등,
SCADA-PRO 카탈로그,CM03-500-30/WS,데이터베이스,MS SQL, MySQL, Oracle 연동,
SCADA-PRO 카탈로그,CM03-500-30/WS,스크립트,VBScript / Python,
SCADA-PRO 카탈로그,CM03-500-30/WS,분산 시스템,멀티 서버 지원,
SCADA-PRO 카탈로그,CM03-500-30/WS,이중화,서버 이중화 지원,
SCADA-PRO 카탈로그,CM03-10K-01/WS,지원 OS,Windows 10/11 (64bit),
SCADA-PRO 카탈로그,CM03-10K-01/WS,지원 드라이버,600종 이상 (PLC, Inverter, 계측기 등),
SCADA-PRO 카탈로그,CM03-10K-01/WS,트렌드,실시간 / 히스토리 트렌드,
SCADA-PRO 카탈로그,CM03-10K-01/WS,알람,알람 목록 / 알람 히스토리,
SCADA-PRO 카탈로그,CM03-10K-01/WS,레포트,일보 / 주보 / 월보,
SCADA-PRO 카탈로그,CM03-10K-01/WS,통신 프로토콜,OPC DA/UA, Modbus, CIMON, PROFIBUS 등,
SCADA-PRO 카탈로그,CM03-10K-01/WS,데이터베이스,MS SQL, MySQL, Oracle 연동,
SCADA-PRO 카탈로그,CM03-10K-01/WS,스크립트,VBScript / Python,
SCADA-PRO 카탈로그,CM03-10K-01/WS,분산 시스템,멀티 서버 지원,
SCADA-PRO 카탈로그,CM03-10K-01/WS,이중화,서버 이중화 지원,
SCADA-PRO 카탈로그,CM03-10K-03/WS,지원 OS,Windows 10/11 (64bit),
SCADA-PRO 카탈로그,CM03-10K-03/WS,지원 드라이버,600종 이상 (PLC, Inverter, 계측기 등),
SCADA-PRO 카탈로그,CM03-10K-03/WS,트렌드,실시간 / 히스토리 트렌드,
SCADA-PRO 카탈로그,CM03-10K-03/WS,알람,알람 목록 / 알람 히스토리,
SCADA-PRO 카탈로그,CM03-10K-03/WS,레포트,일보 / 주보 / 월보,
SCADA-PRO 카탈로그,CM03-10K-03/WS,통신 프로토콜,OPC DA/UA, Modbus, CIMON, PROFIBUS 등,
SCADA-PRO 카탈로그,CM03-10K-03/WS,데이터베이스,MS SQL, MySQL, Oracle 연동,
SCADA-PRO 카탈로그,CM03-10K-03/WS,스크립트,VBScript / Python,
SCADA-PRO 카탈로그,CM03-10K-03/WS,분산 시스템,멀티 서버 지원,
SCADA-PRO 카탈로그,CM03-10K-03/WS,이중화,서버 이중화 지원,
SCADA-PRO 카탈로그,CM03-10K-05/WS,지원 OS,Windows 10/11 (64bit),
SCADA-PRO 카탈로그,CM03-10K-05/WS,지원 드라이버,600종 이상 (PLC, Inverter, 계측기 등),
SCADA-PRO 카탈로그,CM03-10K-05/WS,트렌드,실시간 / 히스토리 트렌드,
SCADA-PRO 카탈로그,CM03-10K-05/WS,알람,알람 목록 / 알람 히스토리,
SCADA-PRO 카탈로그,CM03-10K-05/WS,레포트,일보 / 주보 / 월보,
SCADA-PRO 카탈로그,CM03-10K-05/WS,통신 프로토콜,OPC DA/UA, Modbus, CIMON, PROFIBUS 등,
SCADA-PRO 카탈로그,CM03-10K-05/WS,데이터베이스,MS SQL, MySQL, Oracle 연동,
SCADA-PRO 카탈로그,CM03-10K-05/WS,스크립트,VBScript / Python,
SCADA-PRO 카탈로그,CM03-10K-05/WS,분산 시스템,멀티 서버 지원,
SCADA-PRO 카탈로그,CM03-10K-05/WS,이중화,서버 이중화 지원,
SCADA-PRO 카탈로그,CM03-10K-10/WS,지원 OS,Windows 10/11 (64bit),
SCADA-PRO 카탈로그,CM03-10K-10/WS,지원 드라이버,600종 이상 (PLC, Inverter, 계측기 등),
SCADA-PRO 카탈로그,CM03-10K-10/WS,트렌드,실시간 / 히스토리 트렌드,
SCADA-PRO 카탈로그,CM03-10K-10/WS,알람,알람 목록 / 알람 히스토리,
SCADA-PRO 카탈로그,CM03-10K-10/WS,레포트,일보 / 주보 / 월보,
SCADA-PRO 카탈로그,CM03-10K-10/WS,통신 프로토콜,OPC DA/UA, Modbus, CIMON, PROFIBUS 등,
SCADA-PRO 카탈로그,CM03-10K-10/WS,데이터베이스,MS SQL, MySQL, Oracle 연동,
SCADA-PRO 카탈로그,CM03-10K-10/WS,스크립트,VBScript / Python,
SCADA-PRO 카탈로그,CM03-10K-10/WS,분산 시스템,멀티 서버 지원,
SCADA-PRO 카탈로그,CM03-10K-10/WS,이중화,서버 이중화 지원,
SCADA-PRO 카탈로그,CM03-10K-15/WS,지원 OS,Windows 10/11 (64bit),
SCADA-PRO 카탈로그,CM03-10K-15/WS,지원 드라이버,600종 이상 (PLC, Inverter, 계측기 등),
SCADA-PRO 카탈로그,CM03-10K-15/WS,트렌드,실시간 / 히스토리 트렌드,
SCADA-PRO 카탈로그,CM03-10K-15/WS,알람,알람 목록 / 알람 히스토리,
SCADA-PRO 카탈로그,CM03-10K-15/WS,레포트,일보 / 주보 / 월보,
SCADA-PRO 카탈로그,CM03-10K-15/WS,통신 프로토콜,OPC DA/UA, Modbus, CIMON, PROFIBUS 등,
SCADA-PRO 카탈로그,CM03-10K-15/WS,데이터베이스,MS SQL, MySQL, Oracle 연동,
SCADA-PRO 카탈로그,CM03-10K-15/WS,스크립트,VBScript / Python,
SCADA-PRO 카탈로그,CM03-10K-15/WS,분산 시스템,멀티 서버 지원,
SCADA-PRO 카탈로그,CM03-10K-15/WS,이중화,서버 이중화 지원,
SCADA-PRO 카탈로그,CM03-10K-20/WS,지원 OS,Windows 10/11 (64bit),
SCADA-PRO 카탈로그,CM03-10K-20/WS,지원 드라이버,600종 이상 (PLC, Inverter, 계측기 등),
SCADA-PRO 카탈로그,CM03-10K-20/WS,트렌드,실시간 / 히스토리 트렌드,
SCADA-PRO 카탈로그,CM03-10K-20/WS,알람,알람 목록 / 알람 히스토리,
SCADA-PRO 카탈로그,CM03-10K-20/WS,레포트,일보 / 주보 / 월보,
SCADA-PRO 카탈로그,CM03-10K-20/WS,통신 프로토콜,OPC DA/UA, Modbus, CIMON, PROFIBUS 등,
SCADA-PRO 카탈로그,CM03-10K-20/WS,데이터베이스,MS SQL, MySQL, Oracle 연동,
SCADA-PRO 카탈로그,CM03-10K-20/WS,스크립트,VBScript / Python,
SCADA-PRO 카탈로그,CM03-10K-20/WS,분산 시스템,멀티 서버 지원,
SCADA-PRO 카탈로그,CM03-10K-20/WS,이중화,서버 이중화 지원,
SCADA-PRO 카탈로그,CM03-10K-25/WS,지원 OS,Windows 10/11 (64bit),
SCADA-PRO 카탈로그,CM03-10K-25/WS,지원 드라이버,600종 이상 (PLC, Inverter, 계측기 등),
SCADA-PRO 카탈로그,CM03-10K-25/WS,트렌드,실시간 / 히스토리 트렌드,
SCADA-PRO 카탈로그,CM03-10K-25/WS,알람,알람 목록 / 알람 히스토리,
SCADA-PRO 카탈로그,CM03-10K-25/WS,레포트,일보 / 주보 / 월보,
SCADA-PRO 카탈로그,CM03-10K-25/WS,통신 프로토콜,OPC DA/UA, Modbus, CIMON, PROFIBUS 등,
SCADA-PRO 카탈로그,CM03-10K-25/WS,데이터베이스,MS SQL, MySQL, Oracle 연동,
SCADA-PRO 카탈로그,CM03-10K-25/WS,스크립트,VBScript / Python,
SCADA-PRO 카탈로그,CM03-10K-25/WS,분산 시스템,멀티 서버 지원,
SCADA-PRO 카탈로그,CM03-10K-25/WS,이중화,서버 이중화 지원,
SCADA-PRO 카탈로그,CM03-10K-30/WS,지원 OS,Windows 10/11 (64bit),
SCADA-PRO 카탈로그,CM03-10K-30/WS,지원 드라이버,600종 이상 (PLC, Inverter, 계측기 등),
SCADA-PRO 카탈로그,CM03-10K-30/WS,트렌드,실시간 / 히스토리 트렌드,
SCADA-PRO 카탈로그,CM03-10K-30/WS,알람,알람 목록 / 알람 히스토리,
SCADA-PRO 카탈로그,CM03-10K-30/WS,레포트,일보 / 주보 / 월보,
SCADA-PRO 카탈로그,CM03-10K-30/WS,통신 프로토콜,OPC DA/UA, Modbus, CIMON, PROFIBUS 등,
SCADA-PRO 카탈로그,CM03-10K-30/WS,데이터베이스,MS SQL, MySQL, Oracle 연동,
SCADA-PRO 카탈로그,CM03-10K-30/WS,스크립트,VBScript / Python,
SCADA-PRO 카탈로그,CM03-10K-30/WS,분산 시스템,멀티 서버 지원,
SCADA-PRO 카탈로그,CM03-10K-30/WS,이중화,서버 이중화 지원,
XPANEL 카탈로그,XT07CD-DN,백라이트 수명,50,000시간,
XPANEL 카탈로그,XT07CD-DN,메모리,128MB DDR2 SDRAM,
XPANEL 카탈로그,XT07CD-DN,저장장치,128MB SLC NAND Flash,
XPANEL 카탈로그,XT07CD-DN,이더넷,없음,
XPANEL 카탈로그,XT07CD-DN,시리얼 (COM1),RS232C,
XPANEL 카탈로그,XT07CD-DN,시리얼 (COM2),RS422/485,
XPANEL 카탈로그,XT07CD-DN,시리얼 (COM3),없음,
XPANEL 카탈로그,XT07CD-DN,USB Host,1포트,
XPANEL 카탈로그,XT07CD-DN,Tool Port,1포트,
XPANEL 카탈로그,XT07CD-DN,SD Card,없음,
XPANEL 카탈로그,XT07CD-DN,외형 치수 (mm),185 × 127 × 54,
XPANEL 카탈로그,XT07CD-DN,패널 컷 (mm),177 × 119,
XPANEL 카탈로그,XT07CD-DN,재질,PLASTIC,
XPANEL 카탈로그,XT07CD-DN,인증,FCC, UL, CE, KC,
XPANEL 카탈로그,XT07CD-DN,오디오,없음,
XPANEL 카탈로그,XT07CD-DE,백라이트 수명,50,000시간,
XPANEL 카탈로그,XT07CD-DE,메모리,128MB DDR2 SDRAM,
XPANEL 카탈로그,XT07CD-DE,저장장치,128MB SLC NAND Flash,
XPANEL 카탈로그,XT07CD-DE,이더넷,없음,
XPANEL 카탈로그,XT07CD-DE,시리얼 (COM1),RS232C,
XPANEL 카탈로그,XT07CD-DE,시리얼 (COM2),RS422/485,
XPANEL 카탈로그,XT07CD-DE,시리얼 (COM3),없음,
XPANEL 카탈로그,XT07CD-DE,USB Host,1포트,
XPANEL 카탈로그,XT07CD-DE,Tool Port,1포트,
XPANEL 카탈로그,XT07CD-DE,SD Card,없음,
XPANEL 카탈로그,XT07CD-DE,외형 치수 (mm),185 × 127 × 54,
XPANEL 카탈로그,XT07CD-DE,패널 컷 (mm),177 × 119,
XPANEL 카탈로그,XT07CD-DE,재질,PLASTIC,
XPANEL 카탈로그,XT07CD-DE,인증,FCC, UL, CE, KC,
XPANEL 카탈로그,XT07CD-DE,오디오,1포트 (오디오 포트 내장),
XPANEL 카탈로그,XT10CD-D,백라이트 수명,50,000시간,
XPANEL 카탈로그,XT10CD-D,메모리,512MB DDR2 SDRAM,
XPANEL 카탈로그,XT10CD-D,저장장치,128MB SLC NAND Flash,
XPANEL 카탈로그,XT10CD-D,이더넷,10/100 BaseT,
XPANEL 카탈로그,XT10CD-D,시리얼 (COM1),RS422/485,
XPANEL 카탈로그,XT10CD-D,시리얼 (COM2),RS232C,
XPANEL 카탈로그,XT10CD-D,시리얼 (COM3),RS232C,
XPANEL 카탈로그,XT10CD-D,USB Host,1포트,
XPANEL 카탈로그,XT10CD-D,Tool Port,1포트,
XPANEL 카탈로그,XT10CD-D,SD Card,1슬롯,
XPANEL 카탈로그,XT10CD-D,외형 치수 (mm),280 × 220 × 47,
XPANEL 카탈로그,XT10CD-D,패널 컷 (mm),267 × 207,
XPANEL 카탈로그,XT10CD-D,재질,PLASTIC,
XPANEL 카탈로그,XT10CD-D,오디오,없음,
XPANEL 카탈로그,XT10CD-D,인증,FCC, UL, CE, KC,
XPANEL 카탈로그,XT10CD-A,백라이트 수명,50,000시간,
XPANEL 카탈로그,XT10CD-A,메모리,512MB DDR2 SDRAM,
XPANEL 카탈로그,XT10CD-A,저장장치,128MB SLC NAND Flash,
XPANEL 카탈로그,XT10CD-A,이더넷,10/100 BaseT,
XPANEL 카탈로그,XT10CD-A,시리얼 (COM1),RS422/485,
XPANEL 카탈로그,XT10CD-A,시리얼 (COM2),RS232C,
XPANEL 카탈로그,XT10CD-A,시리얼 (COM3),RS232C,
XPANEL 카탈로그,XT10CD-A,USB Host,1포트,
XPANEL 카탈로그,XT10CD-A,Tool Port,1포트,
XPANEL 카탈로그,XT10CD-A,SD Card,1슬롯,
XPANEL 카탈로그,XT10CD-A,소비전력,9W,
XPANEL 카탈로그,XT10CD-A,외형 치수 (mm),280 × 220 × 47,
XPANEL 카탈로그,XT10CD-A,패널 컷 (mm),267 × 207,
XPANEL 카탈로그,XT10CD-A,재질,PLASTIC,
XPANEL 카탈로그,XT10CD-A,인증,FCC, UL, CE, KC, KR,